"","species_original","species","plant_fam_count","plant_gen_count","bee_family","bee_genus","...1","total_area","area","log_fam","log_gen","log_area","bee_family_n","area_ha","log_area_ha","area_km","log_area_km"
"1","Agapostemon sericeus","Agapostemon sericeus",8,8,"Halictidae","Agapostemon",1,11680770531733.7,11680770531733.7,2.07944154167984,2.07944154167984,30.0889650613354,"Halictidae (n = 72)",1168077053.17337,20.8786246893592,11680770.5317337,16.2734545033711
"2","Agapostemon virescens","Agapostemon virescens",5,8,"Halictidae","Agapostemon",4,19353479959339.5,19353479959339.5,1.6094379124341,2.07944154167984,30.5938933620945,"Halictidae (n = 72)",1935347995.93395,21.3835529901183,19353479.9593395,16.7783828041302
"3","Amegilla albigena","Amegilla albigena",5,8,"Apidae","Amegilla",5,17679010121552.3,17679010121552.3,1.6094379124341,2.07944154167984,30.5033991829706,"Apidae (n = 83)",1767901012.15523,21.2930588109945,17679010.1215523,16.6878886250064
"4","Andrena aegyptiaca","Andrena aegyptiaca",1,1,"Andrenidae","Andrena",8,1135568894329.01,1135568894329.01,0,0,27.7581548697726,"Andrenidae (n = 168)",113556889.432901,18.5478144977964,1135568.89432901,13.9426443118083
"5","Andrena aeneiventris","Andrena aeneiventris",1,1,"Andrenidae","Andrena",9,5363483009358.35,5363483009358.35,0,0,29.3106346951516,"Andrenidae (n = 168)",536348300.935835,20.1002943231754,5363483.00935835,15.4951241371873
"6","Andrena aerinifrons","Andrena aerinifrons",1,2,"Andrenidae","Andrena",10,498055432936.936,498055432936.936,0,0.693147180559945,26.9339772188948,"Andrenidae (n = 168)",49805543.2936936,17.7236368469186,498055.432936936,13.1184666609305
"7","Andrena afrensis","Andrena afrensis",6,11,"Andrenidae","Andrena",11,254103516231.548,254103516231.548,1.79175946922805,2.39789527279837,26.2610075651601,"Andrenidae (n = 168)",25410351.6231548,17.0506671931839,254103.516231548,12.4454970071958
"8","Andrena afzeliella","Andrena afzeliella",9,16,"Andrenidae","Andrena",12,4434979651657.38,4434979651657.38,2.19722457733622,2.77258872223978,29.1205441435527,"Andrenidae (n = 168)",443497965.165738,19.9102037715765,4434979.65165738,15.3050335855884
"9","Andrena agilissima","Andrena agilissima",3,6,"Andrenidae","Andrena",13,6131181842296.11,6131181842296.11,1.09861228866811,1.79175946922805,29.4444086437532,"Andrenidae (n = 168)",613118184.229611,20.234068271777,6131181.84229611,15.6288980857889
"10","Andrena albopunctata","Andrena albopunctata",9,10,"Andrenidae","Andrena",14,10914137584628.4,10914137584628.4,2.19722457733622,2.30258509299405,30.0210800908646,"Andrenidae (n = 168)",1091413758.46284,20.8107397188884,10914137.5846284,16.2055695329003
"11","Andrena alfkenella","Andrena alfkenella",7,21,"Andrenidae","Andrena",15,6231729889754.37,6231729889754.37,1.94591014905531,3.04452243772342,29.4606750810921,"Andrenidae (n = 168)",623172988.975437,20.2503347091159,6231729.88975437,15.6451645231278
"12","Andrena algida","Andrena algida",3,3,"Andrenidae","Andrena",16,28237271634156.1,28237271634156.1,1.09861228866811,1.09861228866811,30.9716639103648,"Andrenidae (n = 168)",2823727163.41561,21.7613235383886,28237271.6341561,17.1561533524005
"13","Andrena alleghaniensis","Andrena alleghaniensis",11,17,"Andrenidae","Andrena",18,5899877420476.3,5899877420476.3,2.39789527279837,2.83321334405622,29.4059526904339,"Andrenidae (n = 168)",589987742.04763,20.1956123184578,5899877.4204763,15.5904421324697
"14","Andrena ampla","Andrena ampla",1,3,"Andrenidae","Andrena",20,1932096436834.63,1932096436834.63,0,1.09861228866811,28.289626766019,"Andrenidae (n = 168)",193209643.683463,19.0792863940428,1932096.43683463,14.4741162080547
"15","Andrena andrenoides","Andrena andrenoides",1,1,"Andrenidae","Andrena",21,8378035336668.34,8378035336668.34,0,0,29.7566345562373,"Andrenidae (n = 168)",837803533.666834,20.5462941842611,8378035.33666834,15.9411239982731
"16","Andrena angustior","Andrena angustior",14,23,"Andrenidae","Andrena",22,4789578214491.95,4789578214491.95,2.63905732961526,3.13549421592915,29.1974634680446,"Andrenidae (n = 168)",478957821.449195,19.9871230960684,4789578.21449195,15.3819529100803
"17","Andrena anthrisci","Andrena anthrisci",10,12,"Andrenidae","Andrena",23,1245426786651.57,1245426786651.57,2.30258509299405,2.484906649788,27.8504993876259,"Andrenidae (n = 168)",124542678.665157,18.6401590156497,1245426.78665157,14.0349888296616
"18","Andrena antigana","Andrena antigana",1,4,"Andrenidae","Andrena",24,591653216066.456,591653216066.456,0,1.38629436111989,27.1061865165206,"Andrenidae (n = 168)",59165321.6066456,17.8958461445444,591653.216066456,13.2906759585563
"19","Andrena apicata","Andrena apicata",2,2,"Andrenidae","Andrena",25,6819081813498.72,6819081813498.72,0.693147180559945,0.693147180559945,29.5507459472685,"Andrenidae (n = 168)",681908181.349872,20.3404055752923,6819081.81349872,15.7352353893042
"20","Andrena arabis","Andrena arabis",1,4,"Andrenidae","Andrena",26,5331187564309.13,5331187564309.13,0,1.38629436111989,29.3045951368511,"Andrenidae (n = 168)",533118756.430913,20.0942547648749,5331187.56430913,15.4890845788868
"21","Andrena argentata","Andrena argentata",5,7,"Andrenidae","Andrena",27,8018262195236.68,8018262195236.68,1.6094379124341,1.94591014905531,29.7127428304419,"Andrenidae (n = 168)",801826219.523668,20.5024024584657,8018262.19523668,15.8972322724777
"22","Andrena asperrima","Andrena asperrima",4,10,"Andrenidae","Andrena",28,951792586800.968,951792586800.968,1.38629436111989,2.30258509299405,27.5816129769931,"Andrenidae (n = 168)",95179258.6800968,18.3712726050169,951792.586800968,13.7661024190288
"23","Andrena assimilis","Andrena assimilis",11,12,"Andrenidae","Andrena",29,988547999094.456,988547999094.456,2.39789527279837,2.484906649788,27.619503035884,"Andrenidae (n = 168)",98854799.9094456,18.4091626639078,988547.999094456,13.8039924779197
"24","Andrena barbilabris","Andrena barbilabris",12,28,"Andrenidae","Andrena",30,66923846771721.2,66923846771721.2,2.484906649788,3.3322045101752,31.834576473535,"Andrenidae (n = 168)",6692384677.17212,22.6242361015588,66923846.7717212,18.0190659155707
"25","Andrena bicolor","Andrena bicolor",25,47,"Andrenidae","Andrena",32,31726741303691.3,31726741303691.3,3.2188758248682,3.85014760171006,31.0881810154519,"Andrenidae (n = 168)",3172674130.36913,21.8778406434758,31726741.3036913,17.2726704574877
"26","Andrena bicolorata","Andrena bicolorata",1,2,"Andrenidae","Andrena",33,1222817061049.24,1222817061049.24,0,0.693147180559945,27.8321783793103,"Andrenidae (n = 168)",122281706.104924,18.6218380073342,1222817.06104924,14.0166678213461
"27","Andrena bimaculata","Andrena bimaculata",10,21,"Andrenidae","Andrena",34,13426168564484.2,13426168564484.2,2.30258509299405,3.04452243772342,30.2282267964448,"Andrenidae (n = 168)",1342616856.44842,21.0178864244686,13426168.5644842,16.4127162384805
"28","Andrena bisalicis","Andrena bisalicis",2,2,"Andrenidae","Andrena",35,5516233921261.06,5516233921261.06,0.693147180559945,0.693147180559945,29.3387164827307,"Andrenidae (n = 168)",551623392.126106,20.1283761107546,5516233.92126106,15.5232059247665
"29","Andrena biskrensis","Andrena biskrensis",5,6,"Andrenidae","Andrena",36,39166754361.9812,39166754361.9812,1.6094379124341,1.79175946922805,24.3910941208893,"Andrenidae (n = 168)",3916675.43619812,15.1807537489131,39166.7543619812,10.575583562925
"30","Andrena blanda","Andrena blanda",1,1,"Andrenidae","Andrena",37,134162477610.97,134162477610.97,0,0,25.6223174218741,"Andrenidae (n = 168)",13416247.761097,16.4119770498979,134162.47761097,11.8068068639098
"31","Andrena boyerella","Andrena boyerella",1,2,"Andrenidae","Andrena",38,27646474936.5542,27646474936.5542,0,0.693147180559945,24.0427640680552,"Andrenidae (n = 168)",2764647.49365542,14.832423696079,27646.4749365542,10.2272535100909
"32","Andrena bradleyi","Andrena bradleyi",1,1,"Andrenidae","Andrena",39,4514316028851.8,4514316028851.8,0,0,29.1382748026955,"Andrenidae (n = 168)",451431602.88518,19.9279344307194,4514316.0288518,15.3227642447313
"33","Andrena brevipalpis","Andrena brevipalpis",2,1,"Andrenidae","Andrena",40,6255060225643.06,6255060225643.06,0.693147180559945,0,29.4644118882012,"Andrenidae (n = 168)",625506022.564306,20.2540715162251,6255060.22564306,15.648901330237
"34","Andrena bucephala","Andrena bucephala",4,5,"Andrenidae","Andrena",41,1746025034069.02,1746025034069.02,1.38629436111989,1.6094379124341,28.1883629111979,"Andrenidae (n = 168)",174602503.406902,18.9780225392218,1746025.03406902,14.3728523532337
"35","Andrena canadensis","Andrena canadensis",1,1,"Andrenidae","Andrena",42,9859209983050.21,9859209983050.21,0,0,29.9194271579101,"Andrenidae (n = 168)",985920998.305021,20.709086785934,9859209.98305021,16.1039165999459
"36","Andrena carlini","Andrena carlini",16,21,"Andrenidae","Andrena",43,12266152595799.4,12266152595799.4,2.77258872223978,3.04452243772342,30.137864763606,"Andrenidae (n = 168)",1226615259.57994,20.9275243916298,12266152.5957994,16.3223542056418
"37","Andrena ceanothi","Andrena ceanothi",7,8,"Andrenidae","Andrena",45,4800474124522.62,4800474124522.62,1.94591014905531,2.07944154167984,29.1997358049066,"Andrenidae (n = 168)",480047412.452262,19.9893954329304,4800474.12452262,15.3842252469423
"38","Andrena chrysosceles","Andrena chrysosceles",12,23,"Andrenidae","Andrena",47,11574793439335.2,11574793439335.2,2.484906649788,3.13549421592915,30.0798508703278,"Andrenidae (n = 168)",1157479343.93352,20.8695104983516,11574793.4393352,16.2643403123635
"39","Andrena cineraria","Andrena cineraria",16,25,"Andrenidae","Andrena",48,39807613942862.6,39807613942862.6,2.77258872223978,3.2188758248682,31.3150793150195,"Andrenidae (n = 168)",3980761394.28626,22.1047389430433,39807613.9428626,17.4995687570552
"40","Andrena cinerea","Andrena cinerea",1,3,"Andrenidae","Andrena",49,3815342364593.45,3815342364593.45,0,1.09861228866811,28.9700515183405,"Andrenidae (n = 168)",381534236.459345,19.7597111463643,3815342.36459345,15.1545409603762
"41","Andrena clarkella","Andrena clarkella",1,1,"Andrenidae","Andrena",50,75854003954088.4,75854003954088.4,0,0,31.9598316081227,"Andrenidae (n = 168)",7585400395.40884,22.7494912361465,75854003.9540884,18.1443210501584
"42","Andrena colletiformis","Andrena colletiformis",1,3,"Andrenidae","Andrena",52,3077373179160.25,3077373179160.25,0,1.09861228866811,28.7550974851097,"Andrenidae (n = 168)",307737317.916025,19.5447571131335,3077373.17916025,14.9395869271454
"43","Andrena commoda","Andrena commoda",9,11,"Andrenidae","Andrena",55,10953779542543.8,10953779542543.8,2.19722457733622,2.39789527279837,30.0247056763384,"Andrenidae (n = 168)",1095377954.25438,20.8143653043622,10953779.5425438,16.2091951183741
"44","Andrena crataegi","Andrena crataegi",10,13,"Andrenidae","Andrena",58,16358767572409.7,16358767572409.7,2.30258509299405,2.56494935746154,30.4257851125058,"Andrenidae (n = 168)",1635876757.24097,21.2154447405296,16358767.5724097,16.6102745545415
"45","Andrena cressonii","Andrena cressonii",11,15,"Andrenidae","Andrena",59,13621701285586.5,13621701285586.5,2.39789527279837,2.70805020110221,30.2426853196852,"Andrenidae (n = 168)",1362170128.55865,21.032344947709,13621701.2855865,16.4271747617209
"46","Andrena decipiens","Andrena decipiens",3,3,"Andrenidae","Andrena",60,2537316941625.94,2537316941625.94,1.09861228866811,1.09861228866811,28.562128316463,"Andrenidae (n = 168)",253731694.162594,19.3517879444868,2537316.94162594,14.7466177584987
"47","Andrena denticulata","Andrena denticulata",3,11,"Andrenidae","Andrena",61,39606382374651.6,39606382374651.6,1.09861228866811,2.39789527279837,31.3100113922794,"Andrenidae (n = 168)",3960638237.46516,22.0996710203032,39606382.3746516,17.4945008343151
"48","Andrena djelfensis","Andrena djelfensis",2,4,"Andrenidae","Andrena",63,188179962156.662,188179962156.662,0.693147180559945,1.38629436111989,25.9606645874232,"Andrenidae (n = 168)",18817996.2156662,16.750324215447,188179.962156662,12.1451540294589
"49","Andrena dorsata","Andrena dorsata",18,42,"Andrenidae","Andrena",64,13787807360761.5,13787807360761.5,2.89037175789616,3.73766961828337,30.2548057929713,"Andrenidae (n = 168)",1378780736.07615,21.0444654209951,13787807.3607615,16.439295235007
"50","Andrena elata","Andrena elata",1,1,"Andrenidae","Andrena",66,1340331153.97415,1340331153.97415,0,0,21.0161825502091,"Andrenidae (n = 168)",134033.115397415,11.805842178233,1340.33115397415,7.20067199224487
"51","Andrena erigeniae","Andrena erigeniae",2,2,"Andrenidae","Andrena",67,6026169930415.04,6026169930415.04,0.693147180559945,0.693147180559945,29.4271327557769,"Andrenidae (n = 168)",602616993.041504,20.2167923838007,6026169.93041504,15.6116221978126
"52","Andrena erythrogaster","Andrena erythrogaster",2,2,"Andrenidae","Andrena",68,11716883432471.7,11716883432471.7,0.693147180559945,0.693147180559945,30.0920519459837,"Andrenidae (n = 168)",1171688343.24717,20.8817115740075,11716883.4324717,16.2765413880194
"53","Andrena fabrella","Andrena fabrella",1,2,"Andrenidae","Andrena",69,658347790936.538,658347790936.538,0,0.693147180559945,27.2129991862886,"Andrenidae (n = 168)",65834779.0936538,18.0026588143125,658347.790936538,13.3974886283244
"54","Andrena farinosa","Andrena farinosa",1,2,"Andrenidae","Andrena",71,33909328716.3457,33909328716.3457,0,0.693147180559945,24.2469559968498,"Andrenidae (n = 168)",3390932.87163457,15.0366156248737,33909.3287163457,10.4314454388856
"55","Andrena ferrugineicrus","Andrena ferrugineicrus",1,4,"Andrenidae","Andrena",72,593853542361.144,593853542361.144,0,1.38629436111989,27.1098985642262,"Andrenidae (n = 168)",59385354.2361144,17.89955819225,593853.542361144,13.2943880062619
"56","Andrena flavipes","Andrena flavipes",31,86,"Andrenidae","Andrena",73,28318808488055.5,28318808488055.5,3.43398720448515,4.45434729625351,30.9745473107071,"Andrenidae (n = 168)",2831880848.80555,21.7642069387309,28318808.4880555,17.1590367527428
"57","Andrena florea","Andrena florea",1,1,"Andrenidae","Andrena",74,5016610857937.41,5016610857937.41,0,0,29.2437756937298,"Andrenidae (n = 168)",501661085.793741,20.0334353217536,5016610.85793741,15.4282651357655
"58","Andrena florentina","Andrena florentina",1,1,"Andrenidae","Andrena",75,563289720904.057,563289720904.057,0,0,27.0570599346849,"Andrenidae (n = 168)",56328972.0904057,17.8467195627088,563289.720904057,13.2415493767207
"59","Andrena forbesii","Andrena forbesii",11,17,"Andrenidae","Andrena",76,15200710920391.5,15200710920391.5,2.39789527279837,2.83321334405622,30.3523633137654,"Andrenidae (n = 168)",1520071092.03915,21.1420229417893,15200710.9203915,16.5368527558012
"60","Andrena frigida","Andrena frigida",2,2,"Andrenidae","Andrena",78,29816302812069.9,29816302812069.9,0.693147180559945,0.693147180559945,31.0260764340799,"Andrenidae (n = 168)",2981630281.20699,21.8157360621037,29816302.8120699,17.2105658761156
"61","Andrena fucata","Andrena fucata",9,17,"Andrenidae","Andrena",79,39942303964544.8,39942303964544.8,2.19722457733622,2.83321334405622,31.3184571278945,"Andrenidae (n = 168)",3994230396.45448,22.1081167559184,39942303.9645448,17.5029465699303
"62","Andrena fulica","Andrena fulica",2,4,"Andrenidae","Andrena",80,221061215932.629,221061215932.629,0.693147180559945,1.38629436111989,26.1217054952784,"Andrenidae (n = 168)",22106121.5932629,16.9113651233022,221061.215932629,12.3061949373141
"63","Andrena fulva","Andrena fulva",12,17,"Andrenidae","Andrena",81,7925040387318.83,7925040387318.83,2.484906649788,2.83321334405622,29.7010485318706,"Andrenidae (n = 168)",792504038.731883,20.4907081598944,7925040.38731883,15.8855379739063
"64","Andrena fulvicornis","Andrena fulvicornis",2,5,"Andrenidae","Andrena",83,5025686534350.47,5025686534350.47,0.693147180559945,1.6094379124341,29.2455831842929,"Andrenidae (n = 168)",502568653.435047,20.0352428123167,5025686.53435047,15.4300726263286
"65","Andrena funerea","Andrena funerea",1,3,"Andrenidae","Andrena",84,194336403.037057,194336403.037057,0,1.09861228866811,19.085101251596,"Andrenidae (n = 168)",19433.6403037057,9.87476087961977,194.336403037057,5.26959069363168
"66","Andrena fuscosa","Andrena fuscosa",8,9,"Andrenidae","Andrena",85,10752337386417,10752337386417,2.07944154167984,2.19722457733622,30.0061442781621,"Andrenidae (n = 168)",1075233738.6417,20.7958039061859,10752337.386417,16.1906337201978
"67","Andrena gravida","Andrena gravida",12,19,"Andrenidae","Andrena",90,6460026050338.94,6460026050338.94,2.484906649788,2.94443897916644,29.4966544662751,"Andrenidae (n = 168)",646002605.033894,20.286314094299,6460026.05033894,15.6811439083109
"68","Andrena haemorrhoa","Andrena haemorrhoa",19,38,"Andrenidae","Andrena",92,51683099924643.4,51683099924643.4,2.94443897916644,3.63758615972639,31.576151956666,"Andrenidae (n = 168)",5168309992.46434,22.3658115846898,51683099.9246434,17.7606413987017
"69","Andrena helianthi","Andrena helianthi",1,1,"Andrenidae","Andrena",94,10692266948146,10692266948146,0,0,30.0005418809854,"Andrenidae (n = 168)",1069226694.8146,20.7902015090092,10692266.948146,16.1850313230211
"70","Andrena helvola","Andrena helvola",11,16,"Andrenidae","Andrena",95,24250074623284.6,24250074623284.6,2.39789527279837,2.77258872223978,30.8194408105562,"Andrenidae (n = 168)",2425007462.32846,21.60910043858,24250074.6232846,17.0039302525919
"71","Andrena hippotes","Andrena hippotes",9,13,"Andrenidae","Andrena",97,14624400228482.1,14624400228482.1,2.19722457733622,2.56494935746154,30.3137124981872,"Andrenidae (n = 168)",1462440022.84821,21.103372126211,14624400.2284821,16.4982019402229
"72","Andrena hirticincta","Andrena hirticincta",1,1,"Andrenidae","Andrena",98,9176250544357.93,9176250544357.93,0,0,29.8476397996939,"Andrenidae (n = 168)",917625054.435793,20.6372994277177,9176250.54435793,16.0321292417296
"73","Andrena hypopolia","Andrena hypopolia",3,4,"Andrenidae","Andrena",100,2659188423016.76,2659188423016.76,1.09861228866811,1.38629436111989,28.6090420880394,"Andrenidae (n = 168)",265918842.301676,19.3987017160632,2659188.42301676,14.7935315300751
"74","Andrena illinoiensis","Andrena illinoiensis",1,1,"Andrenidae","Andrena",101,11835286331583.4,11835286331583.4,0,0,30.1021065522295,"Andrenidae (n = 168)",1183528633.15834,20.8917661802533,11835286.3315834,16.2865959942652
"75","Andrena imitatrix","Andrena imitatrix",7,11,"Andrenidae","Andrena",102,12607386118248.3,12607386118248.3,1.94591014905531,2.39789527279837,30.1653039579989,"Andrenidae (n = 168)",1260738611.82483,20.9549635860227,12607386.1182483,16.3497934000347
"76","Andrena integra","Andrena integra",1,1,"Andrenidae","Andrena",104,4618522283382.04,4618522283382.04,0,0,29.1610959177768,"Andrenidae (n = 168)",461852228.338204,19.9507555458006,4618522.28338204,15.3455853598125
"77","Andrena isis","Andrena isis",1,2,"Andrenidae","Andrena",106,521864702285.979,521864702285.979,0,0.693147180559945,26.9806742002102,"Andrenidae (n = 168)",52186470.2285979,17.770333828234,521864.702285979,13.1651636422459
"78","Andrena labialis","Andrena labialis",10,25,"Andrenidae","Andrena",107,14880696874844,14880696874844,2.30258509299405,3.2188758248682,30.3310859772237,"Andrenidae (n = 168)",1488069687.4844,21.1207456052475,14880696.874844,16.5155754192594
"79","Andrena labiata","Andrena labiata",13,28,"Andrenidae","Andrena",108,15483030332190.9,15483030332190.9,2.56494935746154,3.3322045101752,30.3707657228255,"Andrenidae (n = 168)",1548303033.21909,21.1604253508493,15483030.3321909,16.5552551648612
"80","Andrena lagopus","Andrena lagopus",1,1,"Andrenidae","Andrena",109,2976934213493.19,2976934213493.19,0,0,28.7219150994625,"Andrenidae (n = 168)",297693421.349319,19.5115747274863,2976934.21349319,14.9064045414982
"81","Andrena leptopyga","Andrena leptopyga",4,5,"Andrenidae","Andrena",113,89706161649.5601,89706161649.5601,1.38629436111989,1.6094379124341,25.2198052953974,"Andrenidae (n = 168)",8970616.16495601,16.0094649234212,89706.1616495601,11.4042947374331
"82","Andrena leucolippa","Andrena leucolippa",1,1,"Andrenidae","Andrena",114,785393038985.735,785393038985.735,0,0,27.3894501160331,"Andrenidae (n = 168)",78539303.8985735,18.179109744057,785393.038985735,13.5739395580689
"83","Andrena limata","Andrena limata",7,10,"Andrenidae","Andrena",117,12889684186622.3,12889684186622.3,1.94591014905531,2.30258509299405,30.1874484319296,"Andrenidae (n = 168)",1288968418.66223,20.9771080599534,12889684.1866223,16.3719378739653
"84","Andrena longibarbis","Andrena longibarbis",2,4,"Andrenidae","Andrena",119,396923820408.939,396923820408.939,0.693147180559945,1.38629436111989,26.707010211082,"Andrenidae (n = 168)",39692382.0408939,17.4966698391058,396923.820408939,12.8914996531177
"85","Andrena mandibularis","Andrena mandibularis",7,8,"Andrenidae","Andrena",120,13576989891281.2,13576989891281.2,1.94591014905531,2.07944154167984,30.2393975559991,"Andrenidae (n = 168)",1357698989.12812,21.0290571840229,13576989.8912812,16.4238869980348
"86","Andrena marginata","Andrena marginata",5,7,"Andrenidae","Andrena",121,9536595049316.32,9536595049316.32,1.6094379124341,1.94591014905531,29.8861576246105,"Andrenidae (n = 168)",953659504.931632,20.6758172526344,9536595.04931632,16.0706470666463
"87","Andrena melittoides","Andrena melittoides",8,11,"Andrenidae","Andrena",123,2819777068.43652,2819777068.43652,2.07944154167984,2.39789527279837,21.7599236650256,"Andrenidae (n = 168)",281977.706843652,12.5495832930494,2819.77706843652,7.94441310706133
"88","Andrena minapalumboi","Andrena minapalumboi",1,2,"Andrenidae","Andrena",125,7261709692.12662,7261709692.12662,0,0.693147180559945,22.7058811328419,"Andrenidae (n = 168)",726170.969212662,13.4955407608657,7261.70969212662,8.89037057487758
"89","Andrena minutula","Andrena minutula",15,36,"Andrenidae","Andrena",126,44414351445768.1,44414351445768.1,2.70805020110221,3.58351893845611,31.4245837638995,"Andrenidae (n = 168)",4441435144.57681,22.2142433919233,44414351.4457681,17.6090732059352
"90","Andrena minutuloides","Andrena minutuloides",7,17,"Andrenidae","Andrena",127,11268131494756.7,11268131494756.7,1.94591014905531,2.83321334405622,30.0529996356258,"Andrenidae (n = 168)",1126813149.47567,20.8426592636496,11268131.4947567,16.2374890776615
"91","Andrena miranda","Andrena miranda",5,9,"Andrenidae","Andrena",128,23001416235709.9,23001416235709.9,1.6094379124341,2.19722457733622,30.7665769054277,"Andrenidae (n = 168)",2300141623.57099,21.5562365334515,23001416.2357099,16.9510663474634
"92","Andrena miserabilis","Andrena miserabilis",6,10,"Andrenidae","Andrena",129,17713802301797,17713802301797,1.79175946922805,2.30258509299405,30.5053652426912,"Andrenidae (n = 168)",1771380230.1797,21.295024870715,17713802.301797,16.689854684727
"93","Andrena morio","Andrena morio",5,7,"Andrenidae","Andrena",130,9688774407809.7,9688774407809.7,1.6094379124341,1.94591014905531,29.9019890537297,"Andrenidae (n = 168)",968877440.78097,20.6916486817536,9688774.4078097,16.0864784957655
"94","Andrena mucida","Andrena mucida",4,4,"Andrenidae","Andrena",131,1170629367372.53,1170629367372.53,1.38629436111989,1.38629436111989,27.7885626409419,"Andrenidae (n = 168)",117062936.737253,18.5782222689657,1170629.36737253,13.9730520829776
"95","Andrena nana","Andrena nana",3,8,"Andrenidae","Andrena",132,3175060603126.88,3175060603126.88,1.09861228866811,2.07944154167984,28.7863478356901,"Andrenidae (n = 168)",317506060.312688,19.5760074637139,3175060.60312688,14.9708372777258
"96","Andrena nasonii","Andrena nasonii",10,18,"Andrenidae","Andrena",133,12003348193674.2,12003348193674.2,2.30258509299405,2.89037175789616,30.1162067429383,"Andrenidae (n = 168)",1200334819.36742,20.9058663709621,12003348.1936742,16.300696184974
"97","Andrena nigriceps","Andrena nigriceps",11,17,"Andrenidae","Andrena",135,7874084257534.95,7874084257534.95,2.39789527279837,2.83321334405622,29.6945980091212,"Andrenidae (n = 168)",787408425.753495,20.484257637145,7874084.25753495,15.8790874511569
"98","Andrena nigrihirta","Andrena nigrihirta",5,6,"Andrenidae","Andrena",136,26733549125314.8,26733549125314.8,1.6094379124341,1.79175946922805,30.9169404141196,"Andrenidae (n = 168)",2673354912.53148,21.7066000421434,26733549.1253148,17.1014298561553
"99","Andrena nigroaenea","Andrena nigroaenea",17,36,"Andrenidae","Andrena",137,21859037856743.5,21859037856743.5,2.83321334405622,3.58351893845611,30.7156355838356,"Andrenidae (n = 168)",2185903785.67435,21.5052952118595,21859037.8567435,16.9001250258714
"100","Andrena nigroviridula","Andrena nigroviridula",1,3,"Andrenidae","Andrena",140,254226589160.243,254226589160.243,0,1.09861228866811,26.2614917896032,"Andrenidae (n = 168)",25422658.9160243,17.051151417627,254226.589160243,12.4459812316389
"101","Andrena nitida","Andrena nitida",21,35,"Andrenidae","Andrena",142,24789645745705.7,24789645745705.7,3.04452243772342,3.55534806148941,30.841447171664,"Andrenidae (n = 168)",2478964574.57057,21.6311067996878,24789645.7457057,17.0259366136997
"102","Andrena nitidula","Andrena nitidula",1,3,"Andrenidae","Andrena",143,972215590289.698,972215590289.698,0,1.09861228866811,27.6028434175223,"Andrenidae (n = 168)",97221559.0289698,18.3925030455461,972215.590289698,13.787332859558
"103","Andrena nivalis","Andrena nivalis",8,10,"Andrenidae","Andrena",144,18446988000721.5,18446988000721.5,2.07944154167984,2.30258509299405,30.5459222210946,"Andrenidae (n = 168)",1844698800.07215,21.3355818491184,18446988.0007215,16.7304116631303
"104","Andrena niveata","Andrena niveata",3,5,"Andrenidae","Andrena",145,5321590783866.75,5321590783866.75,1.09861228866811,1.6094379124341,29.3027933941085,"Andrenidae (n = 168)",532159078.386675,20.0924530221323,5321590.78386675,15.4872828361442
"105","Andrena nubecula","Andrena nubecula",1,1,"Andrenidae","Andrena",146,9357851721550.74,9357851721550.74,0,0,29.8672368631467,"Andrenidae (n = 168)",935785172.155074,20.6568964911705,9357851.72155074,16.0517263051824
"106","Andrena nuda","Andrena nuda",7,11,"Andrenidae","Andrena",147,6723670540399.74,6723670540399.74,1.94591014905531,2.39789527279837,29.5366553327135,"Andrenidae (n = 168)",672367054.039974,20.3263149607373,6723670.54039974,15.7211447747492
"107","Andrena numida","Andrena numida",2,4,"Andrenidae","Andrena",148,171416510928.781,171416510928.781,0.693147180559945,1.38629436111989,25.8673621682769,"Andrenidae (n = 168)",17141651.0928781,16.6570217963007,171416.510928781,12.0518516103126
"108","Andrena omnilaevis","Andrena omnilaevis",1,1,"Andrenidae","Andrena",149,1563745237.05262,1563745237.05262,0,0,21.1703495738911,"Andrenidae (n = 168)",156374.523705262,11.9600092019149,1563.74523705262,7.35483901592684
"109","Andrena orbitalis","Andrena orbitalis",1,1,"Andrenidae","Andrena",150,1058600917919.98,1058600917919.98,0,0,27.6879692634774,"Andrenidae (n = 168)",105860091.791998,18.4776288915012,1058600.91791998,13.8724587055131
"110","Andrena ovatula","Andrena ovatula",2,14,"Andrenidae","Andrena",151,10175279587292,10175279587292,0.693147180559945,2.63905732961526,29.9509823247462,"Andrenidae (n = 168)",1017527958.7292,20.74064195277,10175279.587292,16.135471766782
"111","Andrena oviventris","Andrena oviventris",4,4,"Andrenidae","Andrena",152,78680237430.5627,78680237430.5627,1.38629436111989,1.38629436111989,25.0886578481364,"Andrenidae (n = 168)",7868023.74305627,15.8783174761602,78680.2374305627,11.2731472901721
"112","Andrena pandellei","Andrena pandellei",1,1,"Andrenidae","Andrena",153,5612660611306.58,5612660611306.58,0,0,29.3560459853013,"Andrenidae (n = 168)",561266061.130658,20.1457056133252,5612660.61130658,15.5405354273371
"113","Andrena pandosa s. str.","Andrena pandosa",1,1,"Andrenidae","Andrena",154,306581153210.024,306581153210.024,0,0,26.4487483312078,"Andrenidae (n = 168)",30658115.3210024,17.2384079592316,306581.153210024,12.6332377732435
"114","Andrena pauxilla","Andrena pauxilla",2,4,"Andrenidae","Andrena",157,51290361721.4886,51290361721.4886,0.693147180559945,1.38629436111989,24.6607686907986,"Andrenidae (n = 168)",5129036.17214886,15.4504283188224,51290.3617214886,10.8452581328343
"115","Andrena perplexa","Andrena perplexa",12,16,"Andrenidae","Andrena",159,10170543453009.2,10170543453009.2,2.484906649788,2.77258872223978,29.9505167614354,"Andrenidae (n = 168)",1017054345.30092,20.7401763894592,10170543.4530092,16.1350062034711
"116","Andrena pilipes","Andrena pilipes",7,14,"Andrenidae","Andrena",161,19827749926303.2,19827749926303.2,1.94591014905531,2.63905732961526,30.618103583858,"Andrenidae (n = 168)",1982774992.63032,21.4077632118818,19827749.9263032,16.8025930258937
"117","Andrena placata","Andrena placata",1,1,"Andrenidae","Andrena",162,6478327676583,6478327676583,0,0,29.4994835183844,"Andrenidae (n = 168)",647832767.6583,20.2891431464082,6478327.676583,15.6839729604201
"118","Andrena platyparia","Andrena platyparia",1,1,"Andrenidae","Andrena",163,9957472114675.07,9957472114675.07,0,0,29.929344351564,"Andrenidae (n = 168)",995747211.467507,20.7190039795878,9957472.11467507,16.1138337935997
"119","Andrena praecox","Andrena praecox",2,2,"Andrenidae","Andrena",164,19918033348320,19918033348320,0.693147180559945,0.693147180559945,30.6226466357171,"Andrenidae (n = 168)",1991803334.832,21.412306263741,19918033.34832,16.8071360777529
"120","Andrena propinqua","Andrena propinqua",15,23,"Andrenidae","Andrena",165,9108133644218.83,9108133644218.83,2.70805020110221,3.13549421592915,29.8401889373007,"Andrenidae (n = 168)",910813364.421883,20.6298485653245,9108133.64421883,16.0246783793364
"121","Andrena ranunculorum","Andrena ranunculorum",6,7,"Andrenidae","Andrena",171,1171334537963.23,1171334537963.23,1.79175946922805,1.94591014905531,27.789164845451,"Andrenidae (n = 168)",117133453.796323,18.5788244734748,1171334.53796323,13.9736542874867
"122","Andrena rhenana","Andrena rhenana",1,1,"Andrenidae","Andrena",173,1149806664086.73,1149806664086.73,0,0,27.7706149259848,"Andrenidae (n = 168)",114980666.408673,18.5602745540086,1149806.66408673,13.9551043680205
"123","Andrena rhyssonota","Andrena rhyssonota",1,1,"Andrenidae","Andrena",174,280503040133.987,280503040133.987,0,0,26.3598504001178,"Andrenidae (n = 168)",28050304.0133987,17.1495100281416,280503.040133987,12.5443398421535
"124","Andrena robertsonii","Andrena robertsonii",3,6,"Andrenidae","Andrena",175,4426901611307.91,4426901611307.91,1.09861228866811,1.79175946922805,29.118721044744,"Andrenidae (n = 168)",442690161.130791,19.9083806727678,4426901.61130791,15.3032104867797
"125","Andrena rudbeckiae","Andrena rudbeckiae",1,3,"Andrenidae","Andrena",178,5755148303957.59,5755148303957.59,0,1.09861228866811,29.3811159273547,"Andrenidae (n = 168)",575514830.395759,20.1707755553785,5755148.30395759,15.5656053693904
"126","Andrena rufosignata","Andrena rufosignata",6,6,"Andrenidae","Andrena",179,32143901639970.9,32143901639970.9,1.79175946922805,1.79175946922805,31.1012438640155,"Andrenidae (n = 168)",3214390163.99709,21.8909034920393,32143901.6399709,17.2857333060512
"127","Andrena rugosa","Andrena rugosa",12,14,"Andrenidae","Andrena",180,4989083268497.94,4989083268497.94,2.484906649788,2.63905732961526,29.2382732950867,"Andrenidae (n = 168)",498908326.849794,20.0279329231105,4989083.26849794,15.4227627371224
"128","Andrena rugothorace","Andrena rugothorace",1,1,"Andrenidae","Andrena",181,77017029716.1757,77017029716.1757,0,0,25.0672923994918,"Andrenidae (n = 168)",7701702.97161757,15.8569520275156,77017.0297161757,11.2517818415276
"129","Andrena salictaria","Andrena salictaria",1,1,"Andrenidae","Andrena",183,11590429601295,11590429601295,0,0,30.0812008391416,"Andrenidae (n = 168)",1159042960.1295,20.8708604671654,11590429.601295,16.2656902811773
"130","Andrena scotica","Andrena scotica",16,28,"Andrenidae","Andrena",187,7933577181882.73,7933577181882.73,2.77258872223978,3.3322045101752,29.7021251446776,"Andrenidae (n = 168)",793357718.188273,20.4917847727014,7933577.18188273,15.8866145867133
"131","Andrena semilaevis","Andrena semilaevis",9,16,"Andrenidae","Andrena",188,14243100856729,14243100856729,2.19722457733622,2.77258872223978,30.2872937549996,"Andrenidae (n = 168)",1424310085.6729,21.0769533830234,14243100.856729,16.4717831970353
"132","Andrena senecionis","Andrena senecionis",1,3,"Andrenidae","Andrena",189,855051855645.954,855051855645.954,0,1.09861228866811,27.4744279539224,"Andrenidae (n = 168)",85505185.5645954,18.2640875819462,855051.855645954,13.6589173959581
"133","Andrena sigmundi","Andrena sigmundi",2,2,"Andrenidae","Andrena",190,13151549517480,13151549517480,0.693147180559945,0.693147180559945,30.2075607016393,"Andrenidae (n = 168)",1315154951.748,20.9972203296632,13151549.51748,16.3920501436751
"134","Andrena spiraeana","Andrena spiraeana",8,12,"Andrenidae","Andrena",194,5684970796256.87,5684970796256.87,2.07944154167984,2.484906649788,29.3688471061358,"Andrenidae (n = 168)",568497079.625687,20.1585067341596,5684970.79625687,15.5533365481715
"135","Andrena spolata","Andrena spolata",1,2,"Andrenidae","Andrena",195,1185387682675.02,1185387682675.02,0,0.693147180559945,27.8010909953866,"Andrenidae (n = 168)",118538768.267502,18.5907506234104,1185387.68267502,13.9855804374223
"136","Andrena spreta","Andrena spreta",4,8,"Andrenidae","Andrena",196,2937112484524.93,2937112484524.93,1.38629436111989,2.07944154167984,28.7084480665349,"Andrenidae (n = 168)",293711248.452493,19.4981076945587,2937112.48452493,14.8929375085706
"137","Andrena subopaca","Andrena subopaca",10,16,"Andrenidae","Andrena",197,41801302550926.9,41801302550926.9,2.30258509299405,2.77258872223978,31.3639486164792,"Andrenidae (n = 168)",4180130255.09269,22.153608244503,41801302.5509269,17.5484380585149
"138","Andrena synadelpha","Andrena synadelpha",13,16,"Andrenidae","Andrena",198,3411109185899.76,3411109185899.76,2.56494935746154,2.77258872223978,28.8580586287911,"Andrenidae (n = 168)",341110918.589976,19.6477182568149,3411109.18589976,15.0425480708268
"139","Andrena tenuistriata","Andrena tenuistriata",3,4,"Andrenidae","Andrena",200,1147824240062.55,1147824240062.55,1.09861228866811,1.38629436111989,27.768889301114,"Andrenidae (n = 168)",114782424.006255,18.5585489291378,1147824.24006255,13.9533787431497
"140","Andrena thaspii","Andrena thaspii",5,6,"Andrenidae","Andrena",201,30612261394969.3,30612261394969.3,1.6094379124341,1.79175946922805,31.0524217438104,"Andrenidae (n = 168)",3061226139.49693,21.8420813718342,30612261.3949693,17.2369111858461
"141","Andrena thoracica","Andrena thoracica",20,37,"Andrenidae","Andrena",202,53507612195389.4,53507612195389.4,2.99573227355399,3.61091791264422,31.6108450437351,"Andrenidae (n = 168)",5350761219.53894,22.4005046717589,53507612.1953894,17.7953344857708
"142","Andrena tibialis","Andrena tibialis",7,11,"Andrenidae","Andrena",203,11042707923861.4,11042707923861.4,1.94591014905531,2.39789527279837,30.032791409659,"Andrenidae (n = 168)",1104270792.38614,20.8224510376828,11042707.9238614,16.2172808516947
"143","Andrena tridens","Andrena tridens",5,5,"Andrenidae","Andrena",204,16312468034322.6,16312468034322.6,1.6094379124341,1.6094379124341,30.4229508414278,"Andrenidae (n = 168)",1631246803.43226,21.2126104694516,16312468.0343226,16.6074402834635
"144","Andrena trimmerana","Andrena trimmerana",7,9,"Andrenidae","Andrena",205,16586302846910,16586302846910,1.94591014905531,2.19722457733622,30.4395983409799,"Andrenidae (n = 168)",1658630284.691,21.2292579690038,16586302.84691,16.6240877830157
"145","Andrena truncatilabris","Andrena truncatilabris",1,1,"Andrenidae","Andrena",206,2377857623762.91,2377857623762.91,0,0,28.4972210401435,"Andrenidae (n = 168)",237785762.376291,19.2868806681674,2377857.62376291,14.6817104821793
"146","Andrena tuberculifera","Andrena tuberculifera",5,9,"Andrenidae","Andrena",208,414772142204.747,414772142204.747,1.6094379124341,2.19722457733622,26.7509951514629,"Andrenidae (n = 168)",41477214.2204747,17.5406547794868,414772.142204747,12.9354845934987
"147","Andrena variabilis","Andrena variabilis",6,12,"Andrenidae","Andrena",210,4084583343367.03,4084583343367.03,1.79175946922805,2.484906649788,29.0382408423107,"Andrenidae (n = 168)",408458334.336703,19.8279004703345,4084583.34336703,15.2227302843464
"148","Andrena varians","Andrena varians",8,12,"Andrenidae","Andrena",211,4946718230965.77,4946718230965.77,2.07944154167984,2.484906649788,29.229745488995,"Andrenidae (n = 168)",494671823.096577,20.0194051170188,4946718.23096577,15.4142349310308
"149","Andrena ventricosa","Andrena ventricosa",5,8,"Andrenidae","Andrena",212,1542620582030.26,1542620582030.26,1.6094379124341,2.07944154167984,28.0645037627858,"Andrenidae (n = 168)",154262058.203026,18.8541633908097,1542620.58203026,14.2489932048216
"150","Andrena verticalis","Andrena verticalis",2,6,"Andrenidae","Andrena",213,1558361334151.5,1558361334151.5,0.693147180559945,1.79175946922805,28.0746559582791,"Andrenidae (n = 168)",155836133.41515,18.8643155863029,1558361.3341515,14.2591454003148
"151","Andrena vetula","Andrena vetula",3,5,"Andrenidae","Andrena",214,1978012804295.84,1978012804295.84,1.09861228866811,1.6094379124341,28.3131138224629,"Andrenidae (n = 168)",197801280.429584,19.1027734504868,1978012.80429584,14.4976032644987
"152","Andrena vicina","Andrena vicina",13,19,"Andrenidae","Andrena",215,17904297002485.2,17904297002485.2,2.56494935746154,2.94443897916644,30.5160618559712,"Andrenidae (n = 168)",1790429700.24852,21.305721483995,17904297.0024852,16.7005512980069
"153","Andrena virginiana","Andrena virginiana",3,5,"Andrenidae","Andrena",217,5288385688782.46,5288385688782.46,1.09861228866811,1.6094379124341,29.2965341524261,"Andrenidae (n = 168)",528838568.878246,20.0861937804499,5288385.68878246,15.4810235944618
"154","Andrena vulpecula","Andrena vulpecula",1,2,"Andrenidae","Andrena",219,838596676634.525,838596676634.525,0,0.693147180559945,27.4549957086828,"Andrenidae (n = 168)",83859667.6634525,18.2446553367066,838596.676634525,13.6394851507185
"155","Andrena w-scripta","Andrena w-scripta",6,9,"Andrenidae","Andrena",220,22543061664427.8,22543061664427.8,1.79175946922805,2.19722457733622,30.7464484478104,"Andrenidae (n = 168)",2254306166.44278,21.5361080758342,22543061.6644278,16.9309378898461
"156","Andrena wellesleyana","Andrena wellesleyana",1,1,"Andrenidae","Andrena",221,4583684287699.61,4583684287699.61,0,0,29.1535242203033,"Andrenidae (n = 168)",458368428.769961,19.9431838483271,4583684.28769961,15.338013662339
"157","Andrena wilkella","Andrena wilkella",10,21,"Andrenidae","Andrena",222,28272299018488.7,28272299018488.7,2.30258509299405,3.04452243772342,30.9729036079387,"Andrenidae (n = 168)",2827229901.84887,21.7625632359625,28272299.0184887,17.1573930499744
"158","Andrena ziziae","Andrena ziziae",1,2,"Andrenidae","Andrena",224,6494906729578.55,6494906729578.55,0,0.693147180559945,29.502039405606,"Andrenidae (n = 168)",649490672.957855,20.2916990336298,6494906.72957855,15.6865288476417
"159","Anthophora aestivalis","Anthophora aestivalis",6,12,"Apidae","Anthophora",227,12425961600920.7,12425961600920.7,1.79175946922805,2.484906649788,30.1508090773448,"Apidae (n = 83)",1242596160.09207,20.9404687053686,12425961.6009207,16.3352985193806
"160","Anthophora atriceps","Anthophora atriceps",4,6,"Apidae","Anthophora",229,929604698429.269,929604698429.269,1.38629436111989,1.79175946922805,27.5580252772796,"Apidae (n = 83)",92960469.8429269,18.3476849053035,929604.698429269,13.7425147193154
"161","Anthophora bimaculata","Anthophora bimaculata",4,6,"Apidae","Anthophora",231,20527338957130,20527338957130,1.38629436111989,1.79175946922805,30.6527787212729,"Apidae (n = 83)",2052733895.713,21.4424383492967,20527338.95713,16.8372681633086
"162","Anthophora femorata","Anthophora femorata",1,1,"Apidae","Anthophora",232,446884911727.921,446884911727.921,0,0,26.8255669302392,"Apidae (n = 83)",44688491.1727921,17.615226558263,446884.911727921,13.0100563722749
"163","Anthophora retusa meridionalis","Anthophora retusa",6,10,"Apidae","Anthophora",239,20383989460493.9,20383989460493.9,1.79175946922805,2.30258509299405,30.6457708782702,"Apidae (n = 83)",2038398946.04939,21.435430506294,20383989.4604939,16.8302603203059
"164","Anthophora terminalis","Anthophora terminalis",6,6,"Apidae","Anthophora",240,58004562187653.3,58004562187653.3,1.79175946922805,1.79175946922805,31.6915427817894,"Apidae (n = 83)",5800456218.76533,22.4812024098132,58004562.1876533,17.8760322238251
"165","Augochlora pura","Augochlora pura",12,16,"Halictidae","Augochlora",242,12227321754336.6,12227321754336.6,2.484906649788,2.77258872223978,30.1346940518124,"Halictidae (n = 72)",1222732175.43366,20.9243536798362,12227321.7543366,16.3191834938481
"166","Augochlorella aurata","Augochlorella aurata",14,25,"Halictidae","Augochlorella",243,16191472276037.9,16191472276037.9,2.63905732961526,3.2188758248682,30.4155058168546,"Halictidae (n = 72)",1619147227.60379,21.2051654448784,16191472.2760379,16.5999952588904
"167","Augochloropsis metallica","Augochloropsis metallica",9,12,"Halictidae","Augochloropsis",244,14278182561150,14278182561150,2.19722457733622,2.484906649788,30.2897537931121,"Halictidae (n = 72)",1427818256.115,21.0794134211359,14278182.56115,16.4742432351478
"168","Bombus affinis","Bombus affinis",15,22,"Apidae","Bombus",245,12056139897077.3,12056139897077.3,2.70805020110221,3.09104245335832,30.1205951811235,"Apidae (n = 83)",1205613989.70773,20.9102548091473,12056139.8970773,16.3050846231592
"169","Bombus alpinus","Bombus alpinus",6,8,"Apidae","Bombus",246,10387721217680.3,10387721217680.3,1.79175946922805,2.07944154167984,29.9716455724109,"Apidae (n = 83)",1038772121.76803,20.7613052004348,10387721.2176803,16.1561350144467
"170","Bombus argillaceus","Bombus argillaceus",11,34,"Apidae","Bombus",247,10210274041402.7,10210274041402.7,2.39789527279837,3.52636052461616,29.9544155882349,"Apidae (n = 83)",1021027404.14027,20.7440752162587,10210274.0414027,16.1389050302706
"171","Bombus armeniacus","Bombus armeniacus",9,21,"Apidae","Bombus",248,14940151981669,14940151981669,2.19722457733622,3.04452243772342,30.335073468384,"Apidae (n = 83)",1494015198.1669,21.1247330964078,14940151.981669,16.5195629104197
"172","Bombus auricomus","Bombus auricomus",8,14,"Apidae","Bombus",249,16928618916987.6,16928618916987.6,2.07944154167984,2.63905732961526,30.4600267326674,"Apidae (n = 83)",1692861891.69876,21.2496863606912,16928618.9169876,16.6445161747031
"173","Bombus balteatus","Bombus balteatus",9,20,"Apidae","Bombus",250,174339507748236,174339507748236,2.19722457733622,2.99573227355399,32.7920257079921,"Apidae (n = 83)",17433950774.8236,23.5816853360159,174339507.748236,18.9765151500278
"174","Bombus bimaculatus","Bombus bimaculatus",22,34,"Apidae","Bombus",251,14506558493211,14506558493211,3.09104245335832,3.52636052461616,30.3056219729704,"Apidae (n = 83)",1450655849.3211,21.0952816009942,14506558.493211,16.4901114150061
"175","Bombus borealis","Bombus borealis",13,16,"Apidae","Bombus",252,28998656976524.4,28998656976524.4,2.56494935746154,2.77258872223978,30.9982706336883,"Apidae (n = 83)",2899865697.65244,21.7879302617121,28998656.9765244,17.182760075724
"176","Bombus brodmannicus","Bombus brodmannicus",8,12,"Apidae","Bombus",253,146397735.327182,146397735.327182,2.07944154167984,2.484906649788,18.8018376902952,"Apidae (n = 83)",14639.7735327182,9.59149731831903,146.397735327182,4.98632713233094
"177","Bombus confusus","Bombus confusus",8,18,"Apidae","Bombus",254,14374044734103.3,14374044734103.3,2.07944154167984,2.89037175789616,30.2964452471241,"Apidae (n = 83)",1437404473.41033,21.0861048751479,14374044.7341033,16.4809346891598
"178","Bombus cullumanus","Bombus cullumanus",11,18,"Apidae","Bombus",255,26189564458327.7,26189564458327.7,2.39789527279837,2.89037175789616,30.8963821442346,"Apidae (n = 83)",2618956445.83277,21.6860417722584,26189564.4583277,17.0808715862703
"179","Bombus distinguendus","Bombus distinguendus",10,16,"Apidae","Bombus",256,94166530737542.9,94166530737542.9,2.30258509299405,2.77258872223978,32.1760859343508,"Apidae (n = 83)",9416653073.75429,22.9657455623746,94166530.7375429,18.3605753763865
"180","Bombus fervidus","Bombus fervidus",12,25,"Apidae","Bombus",257,26881678216117.5,26881678216117.5,2.484906649788,3.2188758248682,30.9224660632699,"Apidae (n = 83)",2688167821.61175,21.7121256912937,26881678.2161175,17.1069555053056
"181","Bombus fragrans","Bombus fragrans",6,12,"Apidae","Bombus",258,14179197755654.5,14179197755654.5,1.79175946922805,2.484906649788,30.2827970596672,"Apidae (n = 83)",1417919775.56545,21.072456687691,14179197.7556545,16.4672865017029
"182","Bombus frigidus","Bombus frigidus",9,12,"Apidae","Bombus",259,48766979715578.6,48766979715578.6,2.19722457733622,2.484906649788,31.5180745545874,"Apidae (n = 83)",4876697971.55786,22.3077341826112,48766979.7155786,17.7025639966231
"183","Bombus griseocollis","Bombus griseocollis",22,42,"Apidae","Bombus",260,18940273082788.6,18940273082788.6,3.09104245335832,3.73766961828337,30.5723116218924,"Apidae (n = 83)",1894027308.27886,21.3619712499162,18940273.0827886,16.7568010639281
"184","Bombus haematurus","Bombus haematurus",7,15,"Apidae","Bombus",261,7669760032084.4,7669760032084.4,1.94591014905531,2.70805020110221,29.6683064442582,"Apidae (n = 83)",766976003.20844,20.457966072282,7669760.0320844,15.852795886294
"185","Bombus hortorum","Bombus hortorum",6,10,"Apidae","Bombus",262,104148526431609,104148526431609,1.79175946922805,2.30258509299405,32.2768391350151,"Apidae (n = 83)",10414852643.1609,23.0664987630389,104148526.431609,18.4613285770508
"186","Bombus hypnorum","Bombus hypnorum",18,26,"Apidae","Bombus",264,219390503984377,219390503984377,2.89037175789616,3.25809653802148,33.0218743810845,"Apidae (n = 83)",21939050398.4377,23.8115340091083,219390503.984377,19.2063638231202
"187","Bombus impatiens","Bombus impatiens",25,49,"Apidae","Bombus",265,20683646887286.8,20683646887286.8,3.2188758248682,3.89182029811063,30.660364498536,"Apidae (n = 83)",2068364688.72868,21.4500241265599,20683646.8872868,16.8448539405718
"188","Bombus incertus","Bombus incertus",13,25,"Apidae","Bombus",266,227697418536.592,227697418536.592,2.56494935746154,3.2188758248682,26.1512834728266,"Apidae (n = 83)",22769741.8536592,16.9409431008505,227697.418536592,12.3357729148624
"189","Bombus lapidarius","Bombus lapidarius",6,9,"Apidae","Bombus",268,55849443943210.3,55849443943210.3,1.79175946922805,2.19722457733622,31.6536806851401,"Apidae (n = 83)",5584944394.32103,22.4433403131639,55849443.9432103,17.8381701271759
"190","Bombus lapponicus","Bombus lapponicus",8,14,"Apidae","Bombus",269,77336319549045.8,77336319549045.8,2.07944154167984,2.63905732961526,31.9791848130396,"Apidae (n = 83)",7733631954.90458,22.7688444410634,77336319.5490458,18.1636742550753
"191","Bombus lucorum","Bombus lucorum",11,14,"Apidae","Bombus",270,74281489433795.9,74281489433795.9,2.39789527279837,2.63905732961526,31.9388829038248,"Apidae (n = 83)",7428148943.37959,22.7285425318486,74281489.4337959,18.1233723458605
"192","Bombus melanurus","Bombus melanurus",7,16,"Apidae","Bombus",271,12756983462155.9,12756983462155.9,1.94591014905531,2.77258872223978,30.1770999601098,"Apidae (n = 83)",1275698346.21559,20.9667595881336,12756983.4621559,16.3615894021455
"193","Bombus mendax","Bombus mendax",8,13,"Apidae","Bombus",272,472250933253.696,472250933253.696,2.07944154167984,2.56494935746154,26.8807763195118,"Apidae (n = 83)",47225093.3253696,17.6704359475356,472250.933253696,13.0652657615475
"194","Bombus mesomelas","Bombus mesomelas",15,36,"Apidae","Bombus",273,4753314779188.85,4753314779188.85,2.70805020110221,3.58351893845611,29.1898633388425,"Apidae (n = 83)",475331477.918885,19.9795229668663,4753314.77918885,15.3743527808782
"195","Bombus monticola","Bombus monticola",10,15,"Apidae","Bombus",274,13208882295875.9,13208882295875.9,2.30258509299405,2.70805020110221,30.2119106204271,"Apidae (n = 83)",1320888229.58759,21.0015702484509,13208882.2958759,16.3964000624628
"196","Bombus mucidus","Bombus mucidus",5,8,"Apidae","Bombus",275,1112517792828.01,1112517792828.01,1.6094379124341,2.07944154167984,27.7376468444122,"Apidae (n = 83)",111251779.282801,18.527306472436,1112517.79282801,13.9221362864479
"197","Bombus muscorum","Bombus muscorum",10,20,"Apidae","Bombus",276,64557722697918.6,64557722697918.6,2.30258509299405,2.99573227355399,31.7985808650723,"Apidae (n = 83)",6455772269.79186,22.5882404930961,64557722.6979186,17.983070307108
"198","Bombus niveatus","Bombus niveatus",8,22,"Apidae","Bombus",277,2394371486272.13,2394371486272.13,2.07944154167984,3.09104245335832,28.5041418849075,"Apidae (n = 83)",239437148.627213,19.2938015129313,2394371.48627213,14.6886313269433
"199","Bombus pascuorum","Bombus pascuorum",8,16,"Apidae","Bombus",278,75534113450248.2,75534113450248.2,2.07944154167984,2.77258872223978,31.9556055039155,"Apidae (n = 83)",7553411345.02482,22.7452651319393,75534113.4502482,18.1400949459512
"200","Bombus pensylvanicus","Bombus pensylvanicus",9,19,"Apidae","Bombus",279,17902865057539.2,17902865057539.2,2.19722457733622,2.94443897916644,30.5159818750476,"Apidae (n = 83)",1790286505.75392,21.3056415030714,17902865.0575392,16.7004713170833
"201","Bombus perplexus","Bombus perplexus",16,27,"Apidae","Bombus",280,36194242705965.5,36194242705965.5,2.77258872223978,3.29583686600433,31.2199211808402,"Apidae (n = 83)",3619424270.59655,22.009580808864,36194242.7059655,17.4044106228759
"202","Bombus pomorum","Bombus pomorum",12,30,"Apidae","Bombus",281,8535264746003.59,8535264746003.59,2.484906649788,3.40119738166216,29.7752274905578,"Apidae (n = 83)",853526474.600359,20.5648871185816,8535264.74600359,15.9597169325935
"203","Bombus ruderarius","Bombus ruderarius",15,34,"Apidae","Bombus",283,31777347640839.6,31777347640839.6,2.70805020110221,3.52636052461616,31.0897748135428,"Apidae (n = 83)",3177734764.08396,21.8794344415666,31777347.6408396,17.2742642555785
"204","Bombus ruderatus","Bombus ruderatus",13,21,"Apidae","Bombus",284,87811006186606,87811006186606,2.56494935746154,3.04452243772342,32.1062079639138,"Apidae (n = 83)",8781100618.6606,22.8958675919377,87811006.186606,18.2906974059496
"205","Bombus sichelii","Bombus sichelii",13,22,"Apidae","Bombus",287,49688659591615,49688659591615,2.56494935746154,3.09104245335832,31.5367978457637,"Apidae (n = 83)",4968865959.1615,22.3264574737875,49688659.591615,17.7212872877994
"206","Bombus soroeensis","Bombus soroeensis",17,28,"Apidae","Bombus",288,55115355154115.2,55115355154115.2,2.83321334405622,3.3322045101752,31.6404494711971,"Apidae (n = 83)",5511535515.41152,22.4301090992209,55115355.1541152,17.8249389132328
"207","Bombus sporadicus","Bombus sporadicus",6,7,"Apidae","Bombus",289,61597805811865.4,61597805811865.4,1.79175946922805,1.94591014905531,31.7516473658964,"Apidae (n = 83)",6159780581.18654,22.5413069939202,61597805.8118654,17.9361368079321
"208","Bombus subterraneus","Bombus subterraneus",9,27,"Apidae","Bombus",290,77450751174836.7,77450751174836.7,2.19722457733622,3.29583686600433,31.9806633815802,"Apidae (n = 83)",7745075117.48367,22.7703230096041,77450751.1748367,18.165152823616
"209","Bombus sylvarum","Bombus sylvarum",15,34,"Apidae","Bombus",291,49151568164625.8,49151568164625.8,2.70805020110221,3.52636052461616,31.525929867702,"Apidae (n = 83)",4915156816.46258,22.3155894957258,49151568.1646258,17.7104193097377
"210","Bombus ternarius","Bombus ternarius",14,27,"Apidae","Bombus",292,35384352230435.5,35384352230435.5,2.63905732961526,3.29583686600433,31.1972908109565,"Apidae (n = 83)",3538435223.04355,21.9869504389804,35384352.2304355,17.3817802529923
"211","Bombus terrestris","Bombus terrestris",6,8,"Apidae","Bombus",293,140453031578357,140453031578357,1.79175946922805,2.07944154167984,32.5758942539974,"Apidae (n = 83)",14045303157.8357,23.3655538820212,140453031.578357,18.7603836960331
"212","Bombus terricola","Bombus terricola",15,26,"Apidae","Bombus",294,35654699740824,35654699740824,2.70805020110221,3.25809653802148,31.2049020841372,"Apidae (n = 83)",3565469974.0824,21.994561712161,35654699.740824,17.3893915261729
"213","Bombus vagans","Bombus vagans",16,35,"Apidae","Bombus",295,24777558205918.8,24777558205918.8,2.77258872223978,3.55534806148941,30.8409594483687,"Apidae (n = 83)",2477755820.59188,21.6306190763925,24777558.2059188,17.0254488904044
"214","Bombus veteranus","Bombus veteranus",10,22,"Apidae","Bombus",296,35128439871471.5,35128439871471.5,2.30258509299405,3.09104245335832,31.1900321710713,"Apidae (n = 83)",3512843987.14715,21.9796917990951,35128439.8714715,17.374521613107
"215","Bombus wurflenii","Bombus wurflenii",10,13,"Apidae","Bombus",297,16529880534779.7,16529880534779.7,2.30258509299405,2.56494935746154,30.4361908005593,"Apidae (n = 83)",1652988053.47797,21.2258504285831,16529880.5347797,16.620680242595
"216","Bombus zonatus","Bombus zonatus",7,19,"Apidae","Bombus",298,2292775431134.55,2292775431134.55,1.94591014905531,2.94443897916644,28.4607841783028,"Apidae (n = 83)",229277543.113455,19.2504438063266,2292775.43113455,14.6452736203385
"217","Camptopoeum friesei euzonus","Camptopoeum friesei",1,1,"Andrenidae","Camptopoeum",300,500677212137.764,500677212137.764,0,0,26.9392274432389,"Andrenidae (n = 168)",50067721.2137764,17.7288870712628,500677.212137764,13.1237168852747
"218","Camptopoeum frontale","Camptopoeum frontale",1,1,"Andrenidae","Camptopoeum",301,2328842401665.52,2328842401665.52,0,0,28.476392436729,"Andrenidae (n = 168)",232884240.166552,19.2660520647529,2328842.40166552,14.6608818787648
"219","Camptopoeum sacrum","Camptopoeum sacrum",1,1,"Andrenidae","Camptopoeum",302,22963336116.0538,22963336116.0538,0,0,23.8571646990644,"Andrenidae (n = 168)",2296333.61160538,14.6468243270882,22963.3361160538,10.0416541411002
"220","Ceratina calcarata","Ceratina calcarata",10,19,"Apidae","Ceratina",304,9543188778048.03,9543188778048.03,2.30258509299405,2.94443897916644,29.8868487990027,"Apidae (n = 83)",954318877.804803,20.6765084270265,9543188.77804803,16.0713382410384
"221","Ceratina chalcites","Ceratina chalcites",2,4,"Apidae","Ceratina",305,6939453550314.45,6939453550314.45,0.693147180559945,1.38629436111989,29.5682441481994,"Apidae (n = 83)",693945355.031445,20.3579037762232,6939453.55031445,15.7527335902351
"222","Ceratina dupla","Ceratina dupla",10,17,"Apidae","Ceratina",309,9106437276562.81,9106437276562.81,2.30258509299405,2.83321334405622,29.8400026723957,"Apidae (n = 83)",910643727.656281,20.6296623004195,9106437.27656281,16.0244921144314
"223","Ceratina mikmaqi","Ceratina mikmaqi",9,22,"Apidae","Ceratina",310,4822625015882.29,4822625015882.29,2.19722457733622,3.09104245335832,29.2043395048495,"Apidae (n = 83)",482262501.588229,19.9939991328734,4822625.01588229,15.3888289468853
"224","Clavipanurgus punctiventris","Clavipanurgus punctiventris",1,3,"Andrenidae","Clavipanurgus",313,63370660081.3132,63370660081.3132,0,1.09861228866811,24.8722668165336,"Andrenidae (n = 168)",6337066.00813132,15.6619264445574,63370.6600813132,11.0567562585693
"225","Clavipanurgus sculpturatus","Clavipanurgus sculpturatus",1,2,"Andrenidae","Clavipanurgus",314,145223344482.305,145223344482.305,0,0.693147180559945,25.7015387010858,"Andrenidae (n = 168)",14522334.4482305,16.4911983291096,145223.344482305,11.8860281431215
"226","Colletes acutus","Colletes acutus",6,6,"Colletidae","Colletes",315,77977129873.8607,77977129873.8607,1.79175946922805,1.79175946922805,25.0796814138971,"Colletidae (n = 10)",7797712.98738607,15.8693410419209,77977.1298738607,11.2641708559329
"227","Colletes americanus","Colletes americanus",1,1,"Colletidae","Colletes",317,8124830938062.65,8124830938062.65,0,0,29.7259460363048,"Colletidae (n = 10)",812483093.806265,20.5156056643286,8124830.93806265,15.9104354783405
"228","Colletes compactus","Colletes compactus",1,1,"Colletidae","Colletes",318,17084355169178.2,17084355169178.2,0,0,30.4691842582713,"Colletidae (n = 10)",1708435516.91782,21.2588438862951,17084355.1691782,16.653673700307
"229","Colletes consors mesoscopus","Colletes consors",4,6,"Colletidae","Colletes",319,23073136890041.3,23073136890041.3,1.38629436111989,1.79175946922805,30.7696901515644,"Colletidae (n = 10)",2307313689.00413,21.5593497795882,23073136.8900413,16.9541795936001
"230","Colletes hyalinus","Colletes hyalinus",5,7,"Colletidae","Colletes",322,24671733642392.1,24671733642392.1,1.6094379124341,1.94591014905531,30.836679317304,"Colletidae (n = 10)",2467173364.23921,21.6263389453279,24671733.6423921,17.0211687593398
"231","Colletes inaequalis","Colletes inaequalis",5,7,"Colletidae","Colletes",323,14927837279621,14927837279621,1.6094379124341,1.94591014905531,30.3342488596272,"Colletidae (n = 10)",1492783727.9621,21.123908487651,14927837.279621,16.5187383016629
"232","Colletes kincaidii","Colletes kincaidii",5,5,"Colletidae","Colletes",324,42669698929300.9,42669698929300.9,1.6094379124341,1.6094379124341,31.3845101573103,"Colletidae (n = 10)",4266969892.93009,22.1741697853341,42669698.9293009,17.568999599346
"233","Colletes simulans","Colletes simulans",1,1,"Colletidae","Colletes",328,16604808935701.6,16604808935701.6,0,0,30.4407134642594,"Colletidae (n = 10)",1660480893.57016,21.2303730922832,16604808.9357016,16.6252029062951
"234","Colletes thoracicus","Colletes thoracicus",7,8,"Colletidae","Colletes",330,4308574418426.57,4308574418426.57,1.94591014905531,2.07944154167984,29.0916282039446,"Colletidae (n = 10)",430857441.842657,19.8812878319685,4308574.41842657,15.2761176459804
"235","Colletes validus","Colletes validus",1,1,"Colletidae","Colletes",331,2691490961172.99,2691490961172.99,0,0,28.6211164166557,"Colletidae (n = 10)",269149096.117299,19.4107760446795,2691490.96117299,14.8056058586914
"236","Dufourea monardae","Dufourea monardae",1,1,"Halictidae","Dufourea",340,2810652150030.39,2810652150030.39,0,0,28.6644376542087,"Halictidae (n = 72)",281065215.003039,19.4540972822325,2810652.15003039,14.8489270962444
"237","Eucera alternans","Eucera alternans",8,12,"Apidae","Eucera",342,952265657939.182,952265657939.182,2.07944154167984,2.484906649788,27.582109885267,"Apidae (n = 83)",95226565.7939182,18.3717695132908,952265.657939182,13.7665993273027
"238","Eucera caspica","Eucera caspica",3,7,"Apidae","Eucera",343,1355751315026.06,1355751315026.06,1.09861228866811,1.94591014905531,27.9353768926292,"Apidae (n = 83)",135575131.502606,18.725036520653,1355751.31502606,14.1198663346649
"239","Eucera clypeata","Eucera clypeata",9,18,"Apidae","Eucera",346,5129531167993.43,5129531167993.43,2.19722457733622,2.89037175789616,29.2660353806802,"Apidae (n = 83)",512953116.799343,20.055695008704,5129531.16799343,15.4505248227159
"240","Eucera collaris","Eucera collaris",6,9,"Apidae","Eucera",347,71697157198.2213,71697157198.2213,1.79175946922805,2.19722457733622,24.9957169352056,"Apidae (n = 83)",7169715.71982213,15.7853765632294,71697.1571982213,11.1802063772413
"241","Eucera decolorata","Eucera decolorata",6,12,"Apidae","Eucera",348,2487597453.92024,2487597453.92024,1.79175946922805,2.484906649788,21.634583203685,"Apidae (n = 83)",248759.745392024,12.4242428317088,2487.59745392024,7.8190726457207
"242","Eucera elongatula","Eucera elongatula",11,21,"Apidae","Eucera",349,565863408846.773,565863408846.773,2.39789527279837,3.04452243772342,27.0616185588997,"Apidae (n = 83)",56586340.8846773,17.8512781869235,565863.408846773,13.2461080009354
"243","Eucera eucnemidea","Eucera eucnemidea",2,7,"Apidae","Eucera",350,383060731320.671,383060731320.671,0.693147180559945,1.94591014905531,26.6714593809735,"Apidae (n = 83)",38306073.1320671,17.4611190089973,383060.731320671,12.8559488230092
"244","Eucera furfurea","Eucera furfurea",1,1,"Apidae","Eucera",351,359598016052.373,359598016052.373,0,0,26.6082526224329,"Apidae (n = 83)",35959801.6052373,17.3979122504567,359598.016052373,12.7927420644686
"245","Eucera interrupta","Eucera interrupta",1,7,"Apidae","Eucera",353,9377715064723.42,9377715064723.42,0,1.94591014905531,29.8693572527609,"Apidae (n = 83)",937771506.472342,20.6590168807847,9377715.06472342,16.0538466947966
"246","Eucera longicornis","Eucera longicornis",3,12,"Apidae","Eucera",354,27860858083892.9,27860858083892.9,1.09861228866811,2.484906649788,30.9582438836585,"Apidae (n = 83)",2786085808.38929,21.7479035116823,27860858.0838929,17.1427333256942
"247","Eucera nigrescens","Eucera nigrescens",3,9,"Apidae","Eucera",355,7837259707323.46,7837259707323.46,1.09861228866811,2.19722457733622,29.6899103620649,"Apidae (n = 83)",783725970.732346,20.4795699900887,7837259.70732346,15.8743998041006
"248","Eucera nigrifacies","Eucera nigrifacies",1,3,"Apidae","Eucera",356,2362494317461.18,2362494317461.18,0,1.09861228866811,28.490739091004,"Apidae (n = 83)",236249431.746118,19.2803987190278,2362494.31746118,14.6752285330397
"249","Eucera nigrilabris","Eucera nigrilabris",4,10,"Apidae","Eucera",357,3500487500697.96,3500487500697.96,1.38629436111989,2.30258509299405,28.8839233606382,"Apidae (n = 83)",350048750.069796,19.6735829886621,3500487.50069796,15.068412802674
"250","Eucera notata","Eucera notata",3,8,"Apidae","Eucera",358,651974936511.695,651974936511.695,1.09861228866811,2.07944154167984,27.2032719572012,"Apidae (n = 83)",65197493.6511695,17.992931585225,651974.936511695,13.3877613992369
"251","Eucera taurica","Eucera taurica",1,3,"Apidae","Eucera",361,2880626887982.45,2880626887982.45,0,1.09861228866811,28.6890290558282,"Apidae (n = 83)",288062688.798245,19.478688683852,2880626.88798245,14.8735184978639
"252","Flavipanurgus kastiliensis","Flavipanurgus kastiliensis",1,1,"Andrenidae","Flavipanurgus",363,9591870155.08167,9591870155.08167,0,0,22.984181717787,"Andrenidae (n = 168)",959187.015508167,13.7738413458108,9591.87015508167,9.16867115982274
"253","Halictus confusus","Halictus confusus",14,23,"Halictidae","Halictus",364,36642830443611.8,36642830443611.8,2.63905732961526,3.13549421592915,31.2322389028494,"Halictidae (n = 72)",3664283044.36118,22.0218985308732,36642830.4436118,17.4167283448851
"254","Halictus crenicornis","Halictus crenicornis",12,15,"Halictidae","Halictus",365,355990686609.816,355990686609.816,2.484906649788,2.70805020110221,26.5981704062478,"Halictidae (n = 72)",35599068.6609816,17.3878300342717,355990.686609816,12.7826598482836
"255","Halictus ligatus","Halictus ligatus",5,19,"Halictidae","Halictus",367,20097571788192.3,20097571788192.3,1.6094379124341,2.94443897916644,30.6316201171383,"Halictidae (n = 72)",2009757178.81923,21.4212797451621,20097571.7881923,16.816109559174
"256","Halictus maculatus","Halictus maculatus",7,12,"Halictidae","Halictus",368,17399740904664.9,17399740904664.9,1.94591014905531,2.484906649788,30.4874764315017,"Halictidae (n = 72)",1739974090.46649,21.2771360595255,17399740.9046649,16.6719658735374
"257","Halictus pollinosus","Halictus pollinosus",5,7,"Halictidae","Halictus",370,9556530149799.81,9556530149799.81,1.6094379124341,1.94591014905531,29.8882458220659,"Halictidae (n = 72)",955653014.979981,20.6779054500897,9556530.14979981,16.0727352641016
"258","Halictus quadricinctus","Halictus quadricinctus",5,13,"Halictidae","Halictus",371,25931500856190.8,25931500856190.8,1.6094379124341,2.56494935746154,30.8864795948758,"Halictidae (n = 72)",2593150085.61908,21.6761392228997,25931500.8561908,17.0709690369116
"259","Halictus rubicundus","Halictus rubicundus",14,22,"Halictidae","Halictus",372,100874580987098,100874580987098,2.63905732961526,3.09104245335832,32.2448990887266,"Halictidae (n = 72)",10087458098.7098,23.0345587167504,100874580.987098,18.4293885307623
"260","Halictus scabiosae","Halictus scabiosae",7,17,"Halictidae","Halictus",373,10465687163977.3,10465687163977.3,1.94591014905531,2.83321334405622,29.979123132736,"Halictidae (n = 72)",1046568716.39773,20.7687827607598,10465687.1639773,16.1636125747717
"261","Halictus subauratus","Halictus subauratus",11,18,"Halictidae","Halictus",375,19195261076370.4,19195261076370.4,2.39789527279837,2.89037175789616,30.5856845455584,"Halictidae (n = 72)",1919526107.63704,21.3753441735823,19195261.0763704,16.7701739875942
"262","Halictus tumulorum","Halictus tumulorum",14,25,"Halictidae","Halictus",376,48740774592342.4,48740774592342.4,2.63905732961526,3.2188758248682,31.517537056333,"Halictidae (n = 72)",4874077459.23424,22.3071966843568,48740774.5923424,17.7020264983687
"263","Heriades carinata","Heriades carinata",4,4,"Megachilidae","Heriades",378,15503682267281.6,15503682267281.6,1.38629436111989,1.38629436111989,30.3720986772706,"Megachilidae (n = 20)",1550368226.72816,21.1617583052944,15503682.2672816,16.5565881193063
"264","Hoplitis pilosifrons","Hoplitis pilosifrons",2,6,"Megachilidae","Hoplitis",386,17246601587846.2,17246601587846.2,0.693147180559945,1.79175946922805,30.4786362305968,"Megachilidae (n = 20)",1724660158.78462,21.2682958586206,17246601.5878462,16.6631256726325
"265","Hoplitis producta","Hoplitis producta",4,7,"Megachilidae","Hoplitis",388,16094245239314.2,16094245239314.2,1.38629436111989,1.94591014905531,30.4094828854707,"Megachilidae (n = 20)",1609424523.93142,21.1991425134945,16094245.2393142,16.5939723275064
"266","Lasioglossum acuminatum","Lasioglossum acuminatum",10,11,"Halictidae","Lasioglossum",391,3951266817271.32,3951266817271.32,2.30258509299405,2.39789527279837,29.0050573566573,"Halictidae (n = 72)",395126681.727132,19.7947169846811,3951266.81727132,15.1895467986931
"267","Lasioglossum albipes","Lasioglossum albipes",8,16,"Halictidae","Lasioglossum",394,11653643547743.7,11653643547743.7,2.07944154167984,2.77258872223978,30.0866399979232,"Halictidae (n = 72)",1165364354.77437,20.876299625947,11653643.5477437,16.2711294399589
"268","Lasioglossum albocinctum","Lasioglossum albocinctum",3,5,"Halictidae","Lasioglossum",395,1834453171652.3,1834453171652.3,1.09861228866811,1.6094379124341,28.237767553925,"Halictidae (n = 72)",183445317.16523,19.0274271819488,1834453.1716523,14.4222569959607
"269","Lasioglossum anomalum","Lasioglossum anomalum",6,7,"Halictidae","Lasioglossum",396,4445842003872.01,4445842003872.01,1.79175946922805,1.94591014905531,29.1229903941482,"Halictidae (n = 72)",444584200.387201,19.912650022172,4445842.00387201,15.3074798361839
"270","Lasioglossum bimaculatum","Lasioglossum bimaculatum",5,6,"Halictidae","Lasioglossum",399,581742574182.316,581742574182.316,1.6094379124341,1.79175946922805,27.0892938744273,"Halictidae (n = 72)",58174257.4182316,17.8789535024512,581742.574182316,13.2737833164631
"271","Lasioglossum brevicorne","Lasioglossum brevicorne",3,4,"Halictidae","Lasioglossum",400,7929014715068.75,7929014715068.75,1.09861228866811,1.38629436111989,29.7015498960714,"Halictidae (n = 72)",792901471.506875,20.4912095240952,7929014.71506875,15.8860393381071
"272","Lasioglossum calceatum","Lasioglossum calceatum",21,38,"Halictidae","Lasioglossum",403,43079149959610.4,43079149959610.4,3.04452243772342,3.63758615972639,31.394060236351,"Halictidae (n = 72)",4307914995.96104,22.1837198643748,43079149.9596104,17.5785496783867
"273","Lasioglossum cattellae","Lasioglossum cattellae",5,5,"Halictidae","Lasioglossum",405,1786408402587.6,1786408402587.6,1.6094379124341,1.6094379124341,28.2112282411042,"Halictidae (n = 72)",178640840.25876,19.000887869128,1786408.4025876,14.3957176831399
"274","Lasioglossum cinctipes","Lasioglossum cinctipes",9,11,"Halictidae","Lasioglossum",406,11528334886551.3,11528334886551.3,2.19722457733622,2.39789527279837,30.0758290240435,"Halictidae (n = 72)",1152833488.65513,20.8654886520673,11528334.8865513,16.2603184660792
"275","Lasioglossum convexiusculum","Lasioglossum convexiusculum",1,1,"Halictidae","Lasioglossum",408,3321593046894.84,3321593046894.84,0,0,28.8314656171758,"Halictidae (n = 72)",332159304.689484,19.6211252451996,3321593.04689484,15.0159550592115
"276","Lasioglossum coriaceum","Lasioglossum coriaceum",9,12,"Halictidae","Lasioglossum",409,10164600318019.4,10164600318019.4,2.19722457733622,2.484906649788,29.9499322428083,"Halictidae (n = 72)",1016460031.80194,20.7395918708321,10164600.3180194,16.134421684844
"277","Lasioglossum corvinum","Lasioglossum corvinum",2,4,"Halictidae","Lasioglossum",410,1655069803473.13,1655069803473.13,0.693147180559945,1.38629436111989,28.1348643011933,"Halictidae (n = 72)",165506980.347313,18.9245239292171,1655069.80347313,14.319353743229
"278","Lasioglossum cressonii","Lasioglossum cressonii",15,21,"Halictidae","Lasioglossum",412,14987256259695.2,14987256259695.2,2.70805020110221,3.04452243772342,30.3382213732439,"Halictidae (n = 72)",1498725625.96952,21.1278810012677,14987256.2596952,16.5227108152796
"279","Lasioglossum foxii","Lasioglossum foxii",4,5,"Halictidae","Lasioglossum",416,13693349603821.3,13693349603821.3,1.38629436111989,1.6094379124341,30.2479314005252,"Halictidae (n = 72)",1369334960.38213,21.037591028549,13693349.6038213,16.4324208425609
"280","Lasioglossum fulvicorne","Lasioglossum fulvicorne",10,14,"Halictidae","Lasioglossum",417,22056919201699.8,22056919201699.8,2.30258509299405,2.63905732961526,30.7246474645932,"Halictidae (n = 72)",2205691920.16998,21.514307092617,22056919.2016998,16.9091369066289
"281","Lasioglossum hitchensi","Lasioglossum hitchensi",14,19,"Halictidae","Lasioglossum",420,5904802787785.92,5904802787785.92,2.63905732961526,2.94443897916644,29.4067871675241,"Halictidae (n = 72)",590480278.778592,20.196446795548,5904802.78778592,15.5912766095599
"282","Lasioglossum imitatum","Lasioglossum imitatum",10,15,"Halictidae","Lasioglossum",421,11846887516709.3,11846887516709.3,2.30258509299405,2.70805020110221,30.1030862921916,"Halictidae (n = 72)",1184688751.67093,20.8927459202154,11846887.5167093,16.2875757342273
"283","Lasioglossum interruptum","Lasioglossum interruptum",12,19,"Halictidae","Lasioglossum",422,5866217492684.99,5866217492684.99,2.484906649788,2.94443897916644,29.4002311626265,"Halictidae (n = 72)",586621749.268499,20.1898907906503,5866217.49268499,15.5847206046622
"284","Lasioglossum laevigatum","Lasioglossum laevigatum",13,21,"Halictidae","Lasioglossum",423,6613659786533.23,6613659786533.23,2.56494935746154,3.04452243772342,29.5201582907819,"Halictidae (n = 72)",661365978.653323,20.3098179188057,6613659.78653323,15.7046477328176
"285","Lasioglossum laevissimum","Lasioglossum laevissimum",8,9,"Halictidae","Lasioglossum",424,16300220281538.7,16300220281538.7,2.07944154167984,2.19722457733622,30.4221997378548,"Halictidae (n = 72)",1630022028.15387,21.2118593658786,16300220.2815387,16.6066891798905
"286","Lasioglossum laticeps","Lasioglossum laticeps",16,18,"Halictidae","Lasioglossum",425,11025648636431.3,11025648636431.3,2.77258872223978,2.89037175789616,30.0312453687673,"Halictidae (n = 72)",1102564863.64313,20.8209049967911,11025648.6364313,16.215734810803
"287","Lasioglossum lativentre","Lasioglossum lativentre",6,10,"Halictidae","Lasioglossum",426,10581644098091.1,10581644098091.1,1.79175946922805,2.30258509299405,29.9901419270809,"Halictidae (n = 72)",1058164409.80911,20.7798015551047,10581644.0980911,16.1746313691166
"288","Lasioglossum leucopus","Lasioglossum leucopus",7,12,"Halictidae","Lasioglossum",427,16310542495205.1,16310542495205.1,1.94591014905531,2.484906649788,30.4228327935169,"Halictidae (n = 72)",1631054249.52051,21.2124924215407,16310542.4952051,16.6073222355526
"289","Lasioglossum leucozonium","Lasioglossum leucozonium",6,19,"Halictidae","Lasioglossum",428,66993942601767.8,66993942601767.8,1.79175946922805,2.94443897916644,31.8356233223035,"Halictidae (n = 72)",6699394260.17678,22.6252829503274,66993942.6017678,18.0201127643393
"290","Lasioglossum lineatulum","Lasioglossum lineatulum",13,16,"Halictidae","Lasioglossum",429,9461253862632.61,9461253862632.61,2.56494935746154,2.77258872223978,29.8782260338279,"Halictidae (n = 72)",946125386.263261,20.6678856618517,9461253.86263261,16.0627154758636
"291","Lasioglossum lustrans","Lasioglossum lustrans",1,4,"Halictidae","Lasioglossum",430,5475268919247.48,5475268919247.48,0,1.38629436111989,29.3312625080957,"Halictidae (n = 72)",547526891.924748,20.1209221361195,5475268.91924748,15.5157519501314
"292","Lasioglossum macoupinense","Lasioglossum macoupinense",8,10,"Halictidae","Lasioglossum",431,9168945674279.95,9168945674279.95,2.07944154167984,2.30258509299405,29.8468434200447,"Halictidae (n = 72)",916894567.427995,20.6365030480686,9168945.67427995,16.0313328620805
"293","Lasioglossum malachurum","Lasioglossum malachurum",20,45,"Halictidae","Lasioglossum",432,17643848147287.5,17643848147287.5,2.99573227355399,3.80666248977032,30.5014082916554,"Halictidae (n = 72)",1764384814.72875,21.2910679196792,17643848.1472875,16.6858977336911
"294","Lasioglossum mandibulare","Lasioglossum mandibulare",4,5,"Halictidae","Lasioglossum",433,17173478515.0665,17173478515.0665,1.38629436111989,1.6094379124341,23.5666320839439,"Halictidae (n = 72)",1717347.85150665,14.3562917119678,17173.4785150665,9.75112152597966
"295","Lasioglossum mediterraneum","Lasioglossum mediterraneum",16,18,"Halictidae","Lasioglossum",436,975965057501.077,975965057501.077,2.77258872223978,2.89037175789616,27.6066926209779,"Halictidae (n = 72)",97596505.7501077,18.3963522490017,975965.057501077,13.7911820630136
"296","Lasioglossum morio","Lasioglossum morio",19,31,"Halictidae","Lasioglossum",439,21494792331826.9,21494792331826.9,2.94443897916644,3.43398720448515,30.6988318045985,"Halictidae (n = 72)",2149479233.18269,21.4884914326223,21494792.3318269,16.8833212466343
"297","Lasioglossum nigripes","Lasioglossum nigripes",6,12,"Halictidae","Lasioglossum",440,6282388160590.93,6282388160590.93,1.79175946922805,2.484906649788,29.4687713044693,"Halictidae (n = 72)",628238816.059093,20.2584309324931,6282388.16059093,15.653260746505
"298","Lasioglossum nigroviride","Lasioglossum nigroviride",5,6,"Halictidae","Lasioglossum",441,10278810136842.1,10278810136842.1,1.6094379124341,1.79175946922805,29.9611056238132,"Halictidae (n = 72)",1027881013.68421,20.750765251837,10278810.1368421,16.1455950658489
"299","Lasioglossum nitidulum","Lasioglossum nitidulum",12,13,"Halictidae","Lasioglossum",442,5866752175354.61,5866752175354.61,2.484906649788,2.56494935746154,29.4003223045429,"Halictidae (n = 72)",586675217.535461,20.1899819325667,5866752.17535461,15.5848117465786
"300","Lasioglossum paradmirandum","Lasioglossum paradmirandum",10,13,"Halictidae","Lasioglossum",447,3352169865871.64,3352169865871.64,2.30258509299405,2.56494935746154,28.8406289732404,"Halictidae (n = 72)",335216986.587164,19.6302886012642,3352169.86587164,15.0251184152762
"301","Lasioglossum paraforbesii","Lasioglossum paraforbesii",8,9,"Halictidae","Lasioglossum",448,9306992451688.07,9306992451688.07,2.07944154167984,2.19722457733622,29.8617871100958,"Halictidae (n = 72)",930699245.168807,20.6514467381196,9306992.45168807,16.0462765521315
"302","Lasioglossum parvulum","Lasioglossum parvulum",12,14,"Halictidae","Lasioglossum",449,5509256235198.59,5509256235198.59,2.484906649788,2.63905732961526,29.3374507454447,"Halictidae (n = 72)",550925623.519859,20.1271103734685,5509256.23519859,15.5219401874804
"303","Lasioglossum pauperatum","Lasioglossum pauperatum",9,10,"Halictidae","Lasioglossum",450,3670188195685.19,3670188195685.19,2.19722457733622,2.30258509299405,28.9312640561585,"Halictidae (n = 72)",367018819.568519,19.7209236841823,3670188.19568519,15.1157534981943
"304","Lasioglossum pauxillum","Lasioglossum pauxillum",13,33,"Halictidae","Lasioglossum",451,11252892930054.5,11252892930054.5,2.56494935746154,3.49650756146648,30.0516463608599,"Halictidae (n = 72)",1125289293.00545,20.8413059888837,11252892.9300545,16.2361358028957
"305","Lasioglossum pectorale","Lasioglossum pectorale",12,25,"Halictidae","Lasioglossum",452,9093213167849.59,9093213167849.59,2.484906649788,3.2188758248682,29.8385494454691,"Halictidae (n = 72)",909321316.784959,20.6282090734929,9093213.16784959,16.0230388875048
"306","Lasioglossum perpunctatum","Lasioglossum perpunctatum",7,15,"Halictidae","Lasioglossum",454,9617640002193.54,9617640002193.54,1.94591014905531,2.70805020110221,29.8946200284925,"Halictidae (n = 72)",961764000.219354,20.6842796565163,9617640.00219354,16.0791094705282
"307","Lasioglossum pilosum","Lasioglossum pilosum",14,21,"Halictidae","Lasioglossum",456,12600084540070.7,12600084540070.7,2.63905732961526,3.04452243772342,30.1647246393929,"Halictidae (n = 72)",1260008454.00707,20.9543842674167,12600084.5400707,16.3492140814286
"308","Lasioglossum politum","Lasioglossum politum",3,3,"Halictidae","Lasioglossum",458,21356834518016.5,21356834518016.5,1.09861228866811,1.09861228866811,30.6923929223162,"Halictidae (n = 72)",2135683451.80165,21.4820525503401,21356834.5180165,16.876882364352
"309","Lasioglossum prasinum","Lasioglossum prasinum",5,5,"Halictidae","Lasioglossum",459,3873196161409.8,3873196161409.8,1.6094379124341,1.6094379124341,28.985101163619,"Halictidae (n = 72)",387319616.14098,19.7747607916428,3873196.1614098,15.1695906056547
"310","Lasioglossum punctatissimum","Lasioglossum punctatissimum",6,9,"Halictidae","Lasioglossum",461,11090460528137.1,11090460528137.1,1.79175946922805,2.19722457733622,30.0371064428612,"Halictidae (n = 72)",1109046052.81371,20.826766070885,11090460.5281371,16.2215958848969
"311","Lasioglossum puncticolle","Lasioglossum puncticolle",3,11,"Halictidae","Lasioglossum",462,5926560766012.97,5926560766012.97,1.09861228866811,2.39789527279837,29.4104651886848,"Halictidae (n = 72)",592656076.601297,20.2001248167086,5926560.76601297,15.5949546307205
"312","Lasioglossum quebecense","Lasioglossum quebecense",9,12,"Halictidae","Lasioglossum",464,30832831554513.5,30832831554513.5,2.19722457733622,2.484906649788,31.0596011977387,"Halictidae (n = 72)",3083283155.45135,21.8492608257625,30832831.5545135,17.2440906397745
"313","Lasioglossum sexnotatum","Lasioglossum sexnotatum",12,9,"Halictidae","Lasioglossum",465,10862937485180.8,10862937485180.8,2.484906649788,2.19722457733622,30.0163778805243,"Halictidae (n = 72)",1086293748.51808,20.8060375085481,10862937.4851808,16.20086732256
"314","Lasioglossum subhirtum","Lasioglossum subhirtum",7,8,"Halictidae","Lasioglossum",467,1635261872761.83,1635261872761.83,1.94591014905531,2.07944154167984,28.1228240742792,"Halictidae (n = 72)",163526187.276183,18.9124837023031,1635261.87276183,14.307313516315
"315","Lasioglossum subviridatum","Lasioglossum subviridatum",10,14,"Halictidae","Lasioglossum",468,4921955176318.12,4921955176318.12,2.30258509299405,2.63905732961526,29.2247269610534,"Halictidae (n = 72)",492195517.631812,20.0143865890773,4921955.17631812,15.4092164030892
"316","Lasioglossum versans","Lasioglossum versans",10,12,"Halictidae","Lasioglossum",472,15323484606199.5,15323484606199.5,2.30258509299405,2.484906649788,30.3604077090899,"Halictidae (n = 72)",1532348460.61995,21.1500673371137,15323484.6061995,16.5448971511256
"317","Lasioglossum versatum","Lasioglossum versatum",13,20,"Halictidae","Lasioglossum",473,8073335906117.8,8073335906117.8,2.56494935746154,2.99573227355399,29.7195878840622,"Halictidae (n = 72)",807333590.61178,20.509247512086,8073335.9061178,15.9040773260979
"318","Lasioglossum villosulum","Lasioglossum villosulum",2,9,"Halictidae","Lasioglossum",475,55213766213177.6,55213766213177.6,0.693147180559945,2.19722457733622,31.6422334260395,"Halictidae (n = 72)",5521376621.31776,22.4318930540633,55213766.2131776,17.8267228680752
"319","Lasioglossum virens","Lasioglossum virens",4,5,"Halictidae","Lasioglossum",476,5890385747.43948,5890385747.43948,1.38629436111989,1.6094379124341,22.4965873243906,"Halictidae (n = 72)",589038.574743948,13.2862469524144,5890.38574743948,8.68107676642634
"320","Lasioglossum xanthopus","Lasioglossum xanthopus",8,16,"Halictidae","Lasioglossum",477,17507162120681,17507162120681,2.07944154167984,2.77258872223978,30.4936311771712,"Halictidae (n = 72)",1750716212.0681,21.2832908051951,17507162.120681,16.678120619207
"321","Lasioglossum zonulum","Lasioglossum zonulum",12,22,"Halictidae","Lasioglossum",478,35242655683090,35242655683090,2.484906649788,3.09104245335832,31.1932782740632,"Halictidae (n = 72)",3524265568.309,21.982937902087,35242655.68309,17.3777677160989
"322","Megachile campanulae","Megachile campanulae",3,5,"Megachilidae","Megachile",486,12154942317720.9,12154942317720.9,1.09861228866811,1.6094379124341,30.1287569781256,"Megachilidae (n = 20)",1215494231.77209,20.9184166061494,12154942.3177209,16.3132464201613
"323","Megachile centuncularis","Megachile centuncularis",13,23,"Megachilidae","Megachile",487,39555452110773.5,39555452110773.5,2.56494935746154,3.13549421592915,31.3087246542639,"Megachilidae (n = 20)",3955545211.07735,22.0983842822877,39555452.1107735,17.4932140962996
"324","Megachile gemula","Megachile gemula",7,9,"Megachilidae","Megachile",490,19602885184877.1,19602885184877.1,1.94591014905531,2.19722457733622,30.6066978746417,"Megachilidae (n = 20)",1960288518.48771,21.3963575026655,19602885.1848771,16.7911873166775
"325","Megachile inermis","Megachile inermis",3,5,"Megachilidae","Megachile",492,26832685815681.7,26832685815681.7,1.09861228866811,1.6094379124341,30.9206418803012,"Megachilidae (n = 20)",2683268581.56817,21.710301508325,26832685.8156817,17.1051313223369
"326","Megachile latimanus","Megachile latimanus",6,17,"Megachilidae","Megachile",493,27472774401778.7,27472774401778.7,1.79175946922805,2.83321334405622,30.9442166084523,"Megachilidae (n = 20)",2747277440.17787,21.7338762364762,27472774.4017787,17.1287060504881
"327","Megachile maritima","Megachile maritima",6,12,"Megachilidae","Megachile",497,39488599589166.9,39488599589166.9,1.79175946922805,2.484906649788,31.3070331281817,"Megachilidae (n = 20)",3948859958.91669,22.0966927562055,39488599.5891669,17.4915225702174
"328","Megachile mendica","Megachile mendica",3,7,"Megachilidae","Megachile",499,14815919532211,14815919532211,1.09861228866811,1.94591014905531,30.3267233626764,"Megachilidae (n = 20)",1481591953.2211,21.1163829907002,14815919.532211,16.5112128047121
"329","Megachile pilidens","Megachile pilidens",7,13,"Megachilidae","Megachile",504,8231565602279.2,8231565602279.2,1.94591014905531,2.56494935746154,29.7389973436655,"Megachilidae (n = 20)",823156560.22792,20.5286569716893,8231565.6022792,15.9234867857012
"330","Megachile pugnata","Megachile pugnata",1,6,"Megachilidae","Megachile",505,19486486315610.3,19486486315610.3,0,1.79175946922805,30.6007423318003,"Megachilidae (n = 20)",1948648631.56103,21.3904019598241,19486486.3156103,16.785231773836
"331","Megachile relativa","Megachile relativa",3,5,"Megachilidae","Megachile",506,30589196341563.4,30589196341563.4,1.09861228866811,1.6094379124341,31.051668001813,"Megachilidae (n = 20)",3058919634.15634,21.8413276298369,30589196.3415634,17.2361574438488
"332","Megachile willughbiella","Megachile willughbiella",3,6,"Megachilidae","Megachile",511,55002003082710,55002003082710,1.09861228866811,1.79175946922805,31.6383907201835,"Megachilidae (n = 20)",5500200308.271,22.4280503482073,55002003.08271,17.8228801622192
"333","Melissodes agilis","Melissodes agilis",1,2,"Apidae","Melissodes",512,15366325816629.9,15366325816629.9,0,0.693147180559945,30.3631995958867,"Apidae (n = 83)",1536632581.66299,21.1528592239105,15366325.8166299,16.5476890379224
"334","Melissodes bimaculatus","Melissodes bimaculatus",4,4,"Apidae","Melissodes",513,16683206435569.1,16683206435569.1,1.38629436111989,1.38629436111989,30.4454237267331,"Apidae (n = 83)",1668320643.55691,21.235083354757,16683206.4355691,16.6299131687689
"335","Melissodes denticulatus","Melissodes denticulatus",1,1,"Apidae","Melissodes",515,7662494987228.73,7662494987228.73,0,0,29.6673587629954,"Apidae (n = 83)",766249498.722873,20.4570183910192,7662494.98722873,15.8518482050311
"336","Melissodes desponsus","Melissodes desponsus",1,1,"Apidae","Melissodes",516,10426147399681.5,10426147399681.5,0,0,29.9753379398766,"Apidae (n = 83)",1042614739.96815,20.7649975679004,10426147.3996815,16.1598273819123
"337","Melissodes druriellus","Melissodes druriellus",1,1,"Apidae","Melissodes",517,16103639464997,16103639464997,0,0,30.4100664160992,"Apidae (n = 83)",1610363946.4997,21.199726044123,16103639.464997,16.5945558581349
"338","Melissodes illatus","Melissodes illatus",2,4,"Apidae","Melissodes",518,7838974608863.41,7838974608863.41,0.693147180559945,1.38629436111989,29.6901291520514,"Apidae (n = 83)",783897460.886341,20.4797887800752,7838974.60886341,15.8746185940871
"339","Melissodes subillatus","Melissodes subillatus",1,5,"Apidae","Melissodes",519,10986367809647.8,10986367809647.8,0,1.6094379124341,30.02767633014,"Apidae (n = 83)",1098636780.96478,20.8173359581638,10986367.8096478,16.2121657721757
"340","Melitturga caudata","Melitturga caudata",2,7,"Andrenidae","Melitturga",525,132583201412.252,132583201412.252,0.693147180559945,1.94591014905531,25.6104762204907,"Andrenidae (n = 168)",13258320.1412252,16.4001358485145,132583.201412252,11.7949656625264
"341","Osmia atriventris","Osmia atriventris",5,8,"Megachilidae","Osmia",526,12795980370725.7,12795980370725.7,1.6094379124341,2.07944154167984,30.1801522039982,"Megachilidae (n = 20)",1279598037.07257,20.969811832022,12795980.3707257,16.3646416460339
"342","Osmia bicolor","Osmia bicolor",8,12,"Megachilidae","Osmia",527,21925880360470,21925880360470,2.07944154167984,2.484906649788,30.7186888066518,"Megachilidae (n = 20)",2192588036.047,21.5083484346756,21925880.36047,16.9031782486876
"343","Osmia bucephala","Osmia bucephala",6,8,"Megachilidae","Osmia",530,28538445038936.7,28538445038936.7,1.79175946922805,2.07944154167984,30.9822732429238,"Megachilidae (n = 20)",2853844503.89367,21.7719328709476,28538445.0389367,17.1667626849595
"344","Osmia conjuncta","Osmia conjuncta",4,6,"Megachilidae","Osmia",532,3847750917233.98,3847750917233.98,1.38629436111989,1.79175946922805,28.9785099161884,"Megachilidae (n = 20)",384775091.723398,19.7681695442122,3847750.91723398,15.1629993582241
"345","Osmia pumila","Osmia pumila",7,10,"Megachilidae","Osmia",542,6159886784853.66,6159886784853.66,1.94591014905531,2.30258509299405,29.4490795142229,"Megachilidae (n = 20)",615988678.485366,20.2387391422467,6159886.78485366,15.6335689562586
"346","Panurginus albopilosus","Panurginus albopilosus",1,1,"Andrenidae","Panurginus",549,923439272657.018,923439272657.018,0,0,27.5513708766077,"Andrenidae (n = 168)",92343927.2657018,18.3410305046315,923439.272657018,13.7358603186434
"347","Panurgus canescens","Panurgus canescens",1,2,"Andrenidae","Panurgus",550,544561470020.412,544561470020.412,0,0.693147180559945,27.023246665547,"Andrenidae (n = 168)",54456147.0020412,17.8129062935708,544561.470020412,13.2077361075827
"348","Panurgus cephalotes","Panurgus cephalotes",1,5,"Andrenidae","Panurgus",551,295058008015.569,295058008015.569,0,1.6094379124341,26.4104378112966,"Andrenidae (n = 168)",29505800.8015569,17.2000974393204,295058.008015569,12.5949272533323
"349","Panurgus maroccanus","Panurgus maroccanus",1,3,"Andrenidae","Panurgus",553,94985061055.5641,94985061055.5641,0,1.09861228866811,25.2769854641349,"Andrenidae (n = 168)",9498506.10555641,16.0666450921587,94985.0610555641,11.4614749061706
"350","Panurgus perezi","Panurgus perezi",1,1,"Andrenidae","Panurgus",555,101465017500.661,101465017500.661,0,0,25.3429799208551,"Andrenidae (n = 168)",10146501.7500661,16.1326395488789,101465.017500661,11.5274693628908
"351","Perdita octomaculata","Perdita octomaculata",1,1,"Andrenidae","Perdita",560,9431645132135.08,9431645132135.08,0,0,29.8750916546364,"Andrenidae (n = 168)",943164513.213508,20.6647512826602,9431645.13213508,16.0595810966721
"352","Trachusa byssina","Trachusa byssina",5,8,"Megachilidae","Trachusa",561,26928053229499,26928053229499,1.6094379124341,2.07944154167984,30.9241897301093,"Megachilidae (n = 20)",2692805322.9499,21.7138493581331,26928053.229499,17.108679172145
"353","Xylocopa virginica","Xylocopa virginica",8,13,"Apidae","Xylocopa",564,33866791828874.6,33866791828874.6,2.07944154167984,2.56494935746154,31.1534560581325,"Apidae (n = 83)",3386679182.88746,21.9431156861563,33866791.8288746,17.3379455001682
