"","bee_species","fam_hill_2","bee_genus","bee_family","eoo_size_m2","count_in_Dorey","diet_families_rareCount","diet_binary","log_area","log_diet","log_hill"
"1","Andrena aeneiventris",1,"Andrena","Andrenidae",5363483009358,108,1,"Specialist",29.3106346951515,0,0
"2","Andrena aerinifrons",1,"Andrena","Andrenidae",498055432937,14,1,"Specialist",26.9339772188949,0,0
"3","Andrena afrensis",1.46774777288239,"Andrena","Andrenidae",254103516232,102,6.482625,"Generalist",26.2610075651618,1.86912552092892,0.38372909859251
"4","Andrena afzeliella",1.16194398742058,"Andrena","Andrenidae",4434979651657,555,5.400241,"Generalist",29.1205441435526,1.68644358220399,0.150094453671143
"5","Andrena agilissima",1.07883406671544,"Andrena","Andrenidae",6131181842296,906,2.954619,"Generalist",29.4444086437532,1.08336970853521,0.075880890126936
"6","Andrena albopunctata",1.90856981020717,"Andrena","Andrenidae",10914137584628,118,7.620169,"Generalist",30.0210800908646,2.03079854793031,0.646354171107482
"7","Andrena alfkenella",1.21274225810194,"Andrena","Andrenidae",6231729889754,533,4.89834,"Generalist",29.460675081092,1.58889637220899,0.192884124368482
"8","Andrena alleghaniensis",2.01229309902466,"Andrena","Andrenidae",5899877420476,626,9.745688,"Generalist",29.4059526904339,2.27682493077529,0.699274917087425
"9","Andrena allosa",1.70727423752364,"Andrena","Andrenidae",210436387442,90,7.548516,"Generalist",26.0724492469728,2.02135098764982,0.534898085579866
"10","Andrena amieti",2.20210259701434,"Andrena","Andrenidae",398380451023,516,12.100598,"Generalist",26.7106732927356,2.4932548728691,0.789412629864649
"11","Andrena ampla",1,"Andrena","Andrenidae",1932096436835,439,1,"Specialist",28.2896267660192,0,0
"12","Andrena andrenoides",1,"Andrena","Andrenidae",8378035336668,838,1,"Specialist",29.7566345562373,0,0
"13","Andrena angustior",2.89270665223654,"Andrena","Andrenidae",4789578214492,1405,12.412095,"Generalist",29.1974634680446,2.51867140044018,1.06219262169498
"14","Andrena anthrisci",1.22441177938492,"Andrena","Andrenidae",1245426786652,48,5.986021,"Generalist",27.8504993876262,1.78942691761012,0.202460548579367
"15","Andrena antigana",1.00304539768105,"Andrena","Andrenidae",591653216066,32,1,"Specialist",27.1061865165198,0,0.00304076985087576
"16","Andrena apicata",1.0126878106056,"Andrena","Andrenidae",6819081813499,764,1.776942,"Generalist",29.5507459472685,0.574893909360156,0.0126079947532029
"17","Andrena argentata",1.97328934383427,"Andrena","Andrenidae",8018262195237,1925,7.591083,"Generalist",29.712742830442,2.02697426897565,0.679701868003457
"18","Andrena asperrima",1.19087810169772,"Andrena","Andrenidae",951792586801,35,3.688298,"Generalist",27.5816129769931,1.30516510503303,0.174690935594974
"19","Andrena assimilis",2.36041165084034,"Andrena","Andrenidae",988547999094,16,9.463602,"Generalist",27.6195030358835,2.24745307169204,0.858836032148847
"20","Andrena asteris",1,"Andrena","Andrenidae",5452816243702,748,1,"Specialist",29.3271533331022,0,0
"21","Andrena asteroides",1,"Andrena","Andrenidae",795594563367,51,1,"Specialist",27.4023555505281,0,0
"22","Andrena astragali",1,"Andrena","Andrenidae",4478628647241,519,1,"Specialist",29.130338009969,0,0
"23","Andrena balsamorhizae",1,"Andrena","Andrenidae",57323512565,213,1.876884,"Generalist",24.7719767179486,0.629612954948756,0
"24","Andrena barbilabris",2.24289507297269,"Andrena","Andrenidae",66923846771721,10343,8.391719,"Generalist",31.834576473535,2.12724538626265,0.807767474672436
"25","Andrena beameri",1,"Andrena","Andrenidae",125431516770,20,1.833333,"Generalist",25.5550257634715,0.606135621752117,0
"26","Andrena bicolor",3.04524882568233,"Andrena","Andrenidae",31726741303691,17616,18.110335,"Generalist",31.0881810154519,2.8964827697916,1.11358261397511
"27","Andrena bimaculata",2.16460323777659,"Andrena","Andrenidae",13426168564484,846,8.695272,"Generalist",30.2282267964448,2.16277942966314,0.772237082662964
"28","Andrena biskrensis",1.19426485928871,"Andrena","Andrenidae",39166754362,23,3.985921,"Generalist",24.3910941208898,1.38276840222641,0.177530815570765
"29","Andrena blanda",1,"Andrena","Andrenidae",134162477611,6,1,"Specialist",25.6223174218743,0,0
"30","Andrena boyerella",1,"Andrena","Andrenidae",27646474937,7,1,"Specialist",24.0427640680713,0,0
"31","Andrena bradleyi",1,"Andrena","Andrenidae",4514316028852,737,1,"Specialist",29.1382748026956,0,0
"32","Andrena brevipalpis",1.0650430419568,"Andrena","Andrenidae",6255060225643,687,1.996885,"Generalist",29.4644118882012,0.69158846639595,0.0630152133276352
"33","Andrena bullata",1,"Andrena","Andrenidae",238732401100,24,1,"Specialist",26.1986091009202,0,0
"34","Andrena carlini",2.53713347510978,"Andrena","Andrenidae",12266152595799,9710,12.737994,"Generalist",30.137864763606,2.5445891809175,0.931034890628478
"35","Andrena carolina",1,"Andrena","Andrenidae",3519982055484,1003,1,"Specialist",28.8894770076517,0,0
"36","Andrena ceanothi",1.8995365798429,"Andrena","Andrenidae",4800474124523,453,6.948806,"Generalist",29.1997358049067,1.93856984625649,0.641609951076804
"37","Andrena chaparralensis",1,"Andrena","Andrenidae",87228429.71,7,1,"Specialist",18.2840408645278,0,0
"38","Andrena chrysopus",1,"Andrena","Andrenidae",1936582475427,44,1,"Specialist",28.2919459249385,0,0
"39","Andrena chrysosceles",2.02475369520102,"Andrena","Andrenidae",11574793439335,5768,8.157459,"Generalist",30.0798508703278,2.09893272342306,0.705448061161234
"40","Andrena cineraria",2.41559565554585,"Andrena","Andrenidae",39807613942863,20613,12.679539,"Generalist",31.3150793150195,2.53998959188129,0.881945904951005
"41","Andrena cinerea",1,"Andrena","Andrenidae",3815342364593,112,1,"Specialist",28.9700515183404,0,0
"42","Andrena clarkella",1,"Andrena","Andrenidae",75854003954088,12607,1,"Specialist",31.9598316081227,0,0
"43","Andrena coitana",2.34086522346044,"Andrena","Andrenidae",10334396187539,1636,11.16181,"Generalist",29.9664988833148,2.4124981301823,0.850520614643159
"44","Andrena commoda",1.80005621692302,"Andrena","Andrenidae",10953779542544,1134,6.806122,"Generalist",30.0247056763384,1.91782250127803,0.587817896038322
"45","Andrena crataegi",2.01992012745303,"Andrena","Andrenidae",16358767572410,6493,8.461309,"Generalist",30.4257851125058,2.13550388978136,0.703057969766515
"46","Andrena crawfordi",1,"Andrena","Andrenidae",495320918297,185,1,"Specialist",26.9284717092385,0,0
"47","Andrena cressonii",1.97061898879009,"Andrena","Andrenidae",13621701285587,4396,8.611134,"Generalist",30.2426853196853,2.15305601708407,0.678347700904718
"48","Andrena curvungula",1,"Andrena","Andrenidae",5405453181411,948,1,"Specialist",29.3184294083543,0,0
"49","Andrena decipiens",1.71732513162947,"Andrena","Andrenidae",2537316941626,107,3,"Generalist",28.562128316463,1.09861228866811,0.54076792428566
"50","Andrena denticulata",1.01744750529592,"Andrena","Andrenidae",39606382374652,6460,2.116385,"Generalist",31.3100113922794,0.749709444515636,0.0172970451569445
"51","Andrena djelfensis",1.00145250943965,"Andrena","Andrenidae",188179962157,9,1,"Specialist",25.960664587425,0,0.00145145556819219
"52","Andrena dorsata",2.13374362354116,"Andrena","Andrenidae",13787807360762,7997,12.858989,"Generalist",30.2548057929714,2.55404309985594,0.757878006740633
"53","Andrena elata",1,"Andrena","Andrenidae",1340331154,13,1,"Specialist",21.0161825502284,0,0
"54","Andrena erythrogaster",1.05413128175988,"Andrena","Andrenidae",11716883432472,1672,1.998422,"Generalist",30.0920519459837,0.692357869135625,0.0527169981121635
"55","Andrena fabrella",1.00304429225227,"Andrena","Andrenidae",658347790937,72,1,"Specialist",27.2129991862893,0,0.00303966777773709
"56","Andrena ferrugineicrus",1,"Andrena","Andrenidae",593853542361,47,1,"Specialist",27.1098985642259,0,0
"57","Andrena flavipes",2.6233089783494,"Andrena","Andrenidae",28318808488056,27309,13.108437,"Generalist",30.9745473107071,2.57325606870014,0.964436489734395
"58","Andrena floricola",1,"Andrena","Andrenidae",2256188605413,165,1,"Specialist",28.4446980477601,0,0
"59","Andrena forbesii",1.665547562777,"Andrena","Andrenidae",15200710920392,2327,10.378846,"Generalist",30.3523633137655,2.33976969622012,0.510153935900397
"60","Andrena freygessneri",1.38167188905361,"Andrena","Andrenidae",120424388057,51,8.719384,"Generalist",25.5142879079219,2.16554859322378,0.323294279685427
"61","Andrena frigida",1.0263389165139,"Andrena","Andrenidae",29816302812070,1542,1.992494,"Generalist",31.0260764340799,0.689387120385353,0.0259980201885603
"62","Andrena fucata",2.04921849233467,"Andrena","Andrenidae",39942303964545,5725,13.177618,"Generalist",31.3184571278946,2.57851978436469,0.717458497214881
"63","Andrena fulica",1.00457725253169,"Andrena","Andrenidae",221061215933,13,1,"Specialist",26.12170549528,0,0.00456680876835511
"64","Andrena fulva",1.69399932696826,"Andrena","Andrenidae",7925040387319,26483,6.643529,"Generalist",29.7010485318706,1.89364329820866,0.527092198926515
"65","Andrena fulvicornis",1.09700860431403,"Andrena","Andrenidae",5025686534350,66,1.999967,"Generalist",29.2455831842928,0.693130680423819,0.0925870247573463
"66","Andrena fulvipennis",1,"Andrena","Andrenidae",1729562893861,211,1,"Specialist",28.1788898300056,0,0
"67","Andrena funerea",1,"Andrena","Andrenidae",194336403,32,1,"Specialist",19.0851012514053,0,0
"68","Andrena fuscipes",1,"Andrena","Andrenidae",9184460021195,4629,1,"Specialist",29.8485340436672,0,0
"69","Andrena fuscosa",2.03717302668884,"Andrena","Andrenidae",10752337386417,120,7.165522,"Generalist",30.0061442781621,1.96928091277853,0.711563075556227
"70","Andrena gardineri",1,"Andrena","Andrenidae",4616247466128,588,1.99891,"Generalist",29.1606032542104,0.692602031993464,0
"71","Andrena gelriae",1,"Andrena","Andrenidae",7771022211184,315,1,"Specialist",29.681422830366,0,0
"72","Andrena granulosa",1,"Andrena","Andrenidae",1272639904747,29,1,"Specialist",27.872114524119,0,0
"73","Andrena gravida",2.44802883075507,"Andrena","Andrenidae",6460026050339,4447,10.310325,"Generalist",29.4966544662751,2.33314582032544,0.895283141849956
"74","Andrena haemorrhoa",2.00604087020706,"Andrena","Andrenidae",51683099924643,44023,12.245116,"Generalist",31.576151956666,2.50512716361365,0.696163063313781
"75","Andrena haynesi",1,"Andrena","Andrenidae",3579986650164,231,1.992991,"Generalist",28.9063801873297,0.689636525415143,-4.44089209850063e-16
"76","Andrena helianthiformis",1,"Andrena","Andrenidae",2653838288326,73,1.951424,"Generalist",28.6070281186807,0.668559362478438,0
"77","Andrena helvola",2.46846716525368,"Andrena","Andrenidae",24250074623285,7119,10.635905,"Generalist",30.8194408105562,2.36423554141159,0.903597377130918
"78","Andrena hippotes",2.02798591709029,"Andrena","Andrenidae",14624400228482,1994,7.259373,"Generalist",30.3137124981872,1.98229346147079,0.707043141469268
"79","Andrena hirticincta",1,"Andrena","Andrenidae",9176250544358,2310,1,"Specialist",29.8476397996939,0,0
"80","Andrena imitatrix",1.82711945232997,"Andrena","Andrenidae",12607386118248,3838,5.631012,"Generalist",30.1653039579989,1.72828917733041,0.602740656938913
"81","Andrena integra",1,"Andrena","Andrenidae",4618522283382,249,1,"Specialist",29.1610959177768,0,0
"82","Andrena isocomae",1,"Andrena","Andrenidae",819520141660,117,1.999229,"Generalist",27.4319848128148,0.692761606235718,-4.44089209850063e-16
"83","Andrena labialis",1.51591415186236,"Andrena","Andrenidae",14880696874844,1402,8.422365,"Generalist",30.3310859772237,2.13089066767501,0.416018657557621
"84","Andrena labiata",2.61651595745585,"Andrena","Andrenidae",15483030332191,3134,9.497016,"Generalist",30.3707657228255,2.25097764400195,0.961843645590757
"85","Andrena lagopus",1,"Andrena","Andrenidae",2976934213493,633,1,"Specialist",28.7219150994624,0,0
"86","Andrena lapponica",1.25058309357093,"Andrena","Andrenidae",30841786184823,5756,9.847643,"Generalist",31.0598915807423,2.28723213720963,0.223609917405383
"87","Andrena lathyri",1,"Andrena","Andrenidae",5856428133522,2505,1,"Specialist",29.3985610001477,0,0
"88","Andrena leptopyga",1.16875785743335,"Andrena","Andrenidae",89706161650,4,3.895122,"Generalist",25.2198052954023,1.35972500104014,0.155941524535786
"89","Andrena leucolippa",1,"Andrena","Andrenidae",785393038986,160,1,"Specialist",27.3894501160335,0,0
"90","Andrena longibarbis",1.00609486311002,"Andrena","Andrenidae",396923820409,37,1.769231,"Generalist",26.7070102110822,0.570544988902387,0.00607636455789787
"91","Andrena mandibularis",1.95242640081971,"Andrena","Andrenidae",13576989891281,648,5.977284,"Generalist",30.2393975559991,1.78796628418928,0.669072907178577
"92","Andrena melliventris",1,"Andrena","Andrenidae",2335085645061,115,1.914046,"Generalist",28.4790696852037,0.649219326179791,0
"93","Andrena minutula",2.33542142218486,"Andrena","Andrenidae",44414351445768,13154,11.287139,"Generalist",31.4245837638995,2.42366393595038,0.848192355429287
"94","Andrena minutuloides",1.19290120417433,"Andrena","Andrenidae",11268131494757,3697,5.074918,"Generalist",30.0529996356258,1.62431036716185,0.176388326756452
"95","Andrena miranda",1.97143748671364,"Andrena","Andrenidae",23001416235710,615,4.951424,"Generalist",30.7665769054277,1.59967521197725,0.678762965343672
"96","Andrena miserabilis",1.90863105323965,"Andrena","Andrenidae",17713802301797,6980,3.963108,"Generalist",30.5053652426912,1.37702856591872,0.646386259035089
"97","Andrena mitis",1,"Andrena","Andrenidae",2020678165203,656,1,"Specialist",28.3344542963465,0,0
"98","Andrena mocsaryi",1,"Andrena","Andrenidae",100290423254,4,1,"Specialist",25.3313360463387,0,0
"99","Andrena montana",2.47677330578989,"Andrena","Andrenidae",412220390755,85,11.166126,"Generalist",26.7448239722894,2.41288473108028,0.906956626654079
"100","Andrena mucida",1.16958440007052,"Andrena","Andrenidae",1170629367373,28,2.70922,"Generalist",27.7885626409423,0.996660770584427,0.156648472091426
"101","Andrena nana",1.45482466113476,"Andrena","Andrenidae",3175060603127,310,2.196078,"Generalist",28.7863478356901,0.786673042142178,0.374885385550645
"102","Andrena nasonii",1.74271570583883,"Andrena","Andrenidae",12003348193674,6265,9.262201,"Generalist",30.1162067429383,2.22594170939942,0.555444647003306
"103","Andrena nasuta",1,"Andrena","Andrenidae",2798654851248,52,1,"Specialist",28.6601600074071,0,0
"104","Andrena nigriceps",1.68393126430168,"Andrena","Andrenidae",7874084257535,1288,9.263131,"Generalist",29.6945980091212,2.22604211245841,0.521131098064108
"105","Andrena nigroaenea",2.6500137834518,"Andrena","Andrenidae",21859037856744,11711,11.873199,"Generalist",30.7156355838357,2.47428367526079,0.97456484128717
"106","Andrena nitida",2.74227527104146,"Andrena","Andrenidae",24789645745706,10312,13.18719,"Generalist",30.841447171664,2.57924590385098,1.00878796670725
"107","Andrena nitidiuscula",1,"Andrena","Andrenidae",5323140733371,508,1,"Specialist",29.3030846085018,0,0
"108","Andrena nitidula",1,"Andrena","Andrenidae",972215590290,42,1,"Specialist",27.6028434175226,0,0
"109","Andrena nivalis",1.32242879158538,"Andrena","Andrenidae",18446988000722,1493,6.770777,"Generalist",30.5459222210946,1.91261585138724,0.279470039508918
"110","Andrena niveata",1.07660086796627,"Andrena","Andrenidae",5321590783867,128,2.900897,"Generalist",29.3027933941085,1.06501999951067,0.0738087333549383
"111","Andrena nuda",1.60244120236867,"Andrena","Andrenidae",6723670540400,984,6,"Generalist",29.5366553327135,1.79175946922805,0.471528217949952
"112","Andrena numida",1.4279672919769,"Andrena","Andrenidae",171416510929,16,2,"Generalist",25.8673621682781,0.693147180559945,0.356251958876994
"113","Andrena nycthemera",1,"Andrena","Andrenidae",12782485049254,755,1,"Specialist",30.1790969942738,0,0
"114","Andrena ovatula",1.00313901892854,"Andrena","Andrenidae",10175279587292,5559,1.37037,"Generalist",29.9509823247462,0.315080776369589,0.00313410249445836
"115","Andrena oviventris",1.01908976652887,"Andrena","Andrenidae",78680237431,35,2.188397,"Generalist",25.0886578481419,0.783169312342036,0.0189098431269589
"116","Andrena pallitarsis",1,"Andrena","Andrenidae",1200186414170,59,1,"Specialist",27.8134980057994,0,0
"117","Andrena pandosa",1,"Andrena","Andrenidae",306581153210,8,1,"Specialist",26.4487483312077,0,0
"118","Andrena pauxilla",1.28482186620367,"Andrena","Andrenidae",51290361721,7,2,"Generalist",24.6607686907891,0.693147180559945,0.250620083215345
"119","Andrena perplexa",2.65525020007611,"Andrena","Andrenidae",10170543453009,3674,12,"Generalist",29.9505167614354,2.484906649788,0.976538887570646
"120","Andrena pilipes",1.76781487989006,"Andrena","Andrenidae",19827749926303,953,5.540962,"Generalist",30.618103583858,1.71216813189382,0.569744252788865
"121","Andrena placata",1,"Andrena","Andrenidae",6478327676583,593,1,"Specialist",29.4994835183844,0,0
"122","Andrena polita",1,"Andrena","Andrenidae",8623487889735,213,1,"Specialist",29.785510746344,0,0
"123","Andrena potentillae",1,"Andrena","Andrenidae",2401554327454,127,1,"Specialist",28.5071372800956,0,0
"124","Andrena praecox",1.01145028253519,"Andrena","Andrenidae",19918033348320,6872,1.726817,"Generalist",30.6226466357171,0.546279829450355,0.0113852242033096
"125","Andrena propinqua",2.0266099966728,"Andrena","Andrenidae",9108133644219,767,11.014504,"Generalist",29.8401889373007,2.39921294973523,0.706364444750993
"126","Andrena ranunculorum",1.42441575444118,"Andrena","Andrenidae",1171334537963,53,5.556337,"Generalist",27.7891648454508,1.71493907820024,0.353761732765529
"127","Andrena robertsonii",1.41303331762667,"Andrena","Andrenidae",4426901611308,780,3,"Generalist",29.118721044744,1.09861228866811,0.345738682778025
"128","Andrena rogenhoferi",2.83898664084772,"Andrena","Andrenidae",479873999543,206,13.475944,"Generalist",26.8967894054369,2.6009061699999,1.04344717189601
"129","Andrena rosae",1.38248445294322,"Andrena","Andrenidae",40759322105920,1932,3.970061,"Generalist",31.3387056927885,1.37878145982035,0.323882208740427
"130","Andrena rudbeckiae",1,"Andrena","Andrenidae",5755148303958,559,1.357143,"Generalist",29.3811159273547,0.305381754814334,-4.44089209850063e-16
"131","Andrena ruficrus",1,"Andrena","Andrenidae",43569778818019,3244,1,"Specialist",31.4053848795708,0,0
"132","Andrena rufizona",1,"Andrena","Andrenidae",1811139234917,320,1,"Specialist",28.2249771747663,0,0
"133","Andrena rufosignata",1.70693820451477,"Andrena","Andrenidae",32143901639971,766,5.453455,"Generalist",31.1012438640155,1.69624935277106,0.534701241935446
"134","Andrena rugosa",2.17191909383296,"Andrena","Andrenidae",4989083268498,1962,11.040361,"Generalist",29.2382732950867,2.4015577395897,0.775611151761402
"135","Andrena russula",1,"Andrena","Andrenidae",15409613487288,1247,1,"Specialist",30.3660126830049,0,0
"136","Andrena sardoa",1,"Andrena","Andrenidae",1405968326593,24,1,"Specialist",27.9717473817468,0,0
"137","Andrena saxonica",1,"Andrena","Andrenidae",2123957892346,101,1,"Specialist",28.3843023944159,0,0
"138","Andrena scotica",2.20172841516441,"Andrena","Andrenidae",7933577181883,7856,11.373205,"Generalist",29.7021251446776,2.43126015018714,0.789242695164706
"139","Andrena semilaevis",1.13015984053431,"Andrena","Andrenidae",14243100856729,3436,4.02128,"Generalist",30.2872937549996,1.39160025991007,0.122359074521165
"140","Andrena senecionis",1,"Andrena","Andrenidae",855051855646,79,1,"Specialist",27.4744279539224,0,0
"141","Andrena senticulosa",1,"Andrena","Andrenidae",25890812010,34,1.776942,"Generalist",23.9771539940651,0.574893909360156,0
"142","Andrena simillima",2.41165289537765,"Andrena","Andrenidae",1327210382748,100,8.980198,"Generalist",27.9141003988391,2.19502193106881,0.880312361120241
"143","Andrena simplex",1,"Andrena","Andrenidae",4413626662510,517,1,"Specialist",29.1157178398756,0,0
"144","Andrena spiraeana",2.13385738746066,"Andrena","Andrenidae",5684970796257,678,7.307692,"Generalist",29.3688471061358,1.98892749203374,0.75793132190259
"145","Andrena spolata",1,"Andrena","Andrenidae",1185387682675,31,1,"Specialist",27.8010909953865,0,0
"146","Andrena spreta",1.10790625814692,"Andrena","Andrenidae",2937112484525,89,3.744163,"Generalist",28.7084480665349,1.32019809399245,0.102471980185379
"147","Andrena subopaca",2.13744930381784,"Andrena","Andrenidae",41801302550927,10572,7.05083,"Generalist",31.3639486164792,1.95314534039094,0.759613204035391
"148","Andrena suerinensis",1,"Andrena","Andrenidae",2297052105068,87,1,"Specialist",28.4626477233434,0,0
"149","Andrena symphyti",1,"Andrena","Andrenidae",2548940551341,51,1,"Specialist",28.5666989187049,0,0
"150","Andrena synadelpha",2.17009969353717,"Andrena","Andrenidae",3411109185900,339,12.073526,"Generalist",28.8580586287912,2.49101512169406,0.774773108219278
"151","Andrena tenuistriata",1.0448119769875,"Andrena","Andrenidae",1147824240063,97,2.199727,"Generalist",27.7688893011144,0.788333261755266,0.0438369429003393
"152","Andrena thoracica",2.52031309594483,"Andrena","Andrenidae",53507612195389,1283,12.104674,"Generalist",31.6108450437351,2.49359165900714,0.924383138228183
"153","Andrena tonkaworum",1,"Andrena","Andrenidae",726907793756,55,1.555556,"Generalist",27.312065475289,0.441833037993284,0
"154","Andrena trimmerana",1.36416380725155,"Andrena","Andrenidae",16586302846910,4424,6.397289,"Generalist",30.4395983409799,1.85587430687445,0.310541645503577
"155","Andrena tuberculifera",1.04534517024295,"Andrena","Andrenidae",414772142205,22,4.411875,"Generalist",26.7509951514635,1.4842997691676,0.0443471373301903
"156","Andrena vaga",1,"Andrena","Andrenidae",30187593776473,26832,1,"Specialist",31.0384521538035,0,0
"157","Andrena variabilis",1.96461474246929,"Andrena","Andrenidae",4084583343367,116,4.963184,"Generalist",29.0382408423107,1.60204747026826,0.675296166286923
"158","Andrena varians",1.08411660612258,"Andrena","Andrenidae",4946718230966,607,4.159795,"Generalist",29.2297454889951,1.42546579421278,0.080765467455978
"159","Andrena ventralis",1,"Andrena","Andrenidae",31610546661826,3881,1,"Specialist",31.0845119359586,0,0
"160","Andrena ventricosa",1.11197464478884,"Andrena","Andrenidae",1542620582030,29,2.590423,"Generalist",28.0645037627857,0.951821182839432,0.106137394119546
"161","Andrena verticalis",1.59820184522624,"Andrena","Andrenidae",1558361334152,125,2,"Generalist",28.0746559582794,0.693147180559945,0.468879150522847
"162","Andrena vetula",1.00456926467823,"Andrena","Andrenidae",1978012804296,45,1.344828,"Generalist",28.313113822463,0.296266123835433,0.00455885727910724
"163","Andrena vicina",2.47609514523143,"Andrena","Andrenidae",17904297002485,4780,10.877094,"Generalist",30.5160618559712,2.38665911016318,0.906682781075745
"164","Andrena virginiana",1.10478671959095,"Andrena","Andrenidae",5288385688782,380,2,"Generalist",29.296534152426,0.693147180559945,0.0996523023952888
"165","Andrena viridescens",1,"Andrena","Andrenidae",5786061499244,1023,1,"Specialist",29.3864729514001,0,4.44089209850063e-16
"166","Andrena w-scripta",1.60847389297704,"Andrena","Andrenidae",22543061664428,1832,5.979048,"Generalist",30.7464484478104,1.78826135796489,0.475285836901275
"167","Andrena wilkella",1.03393296298249,"Andrena","Andrenidae",28272299018489,12103,3.355922,"Generalist",30.9729036079387,1.21072654638015,0.033369941278989
"168","Andrena ziziae",1,"Andrena","Andrenidae",6494906729579,1511,1,"Specialist",29.502039405606,0,0
"169","Arhysosage cactorum",1,"Arhysosage","Andrenidae",131998093778,210,1,"Specialist",25.6060533183527,0,0
"170","Camptopoeum friesei",1,"Camptopoeum","Andrenidae",500677212138,132,1,"Specialist",26.9392274432394,0,0
"171","Camptopoeum frontale",1,"Camptopoeum","Andrenidae",2328842401666,126,1,"Specialist",28.4763924367292,0,0
"172","Camptopoeum sacrum",1,"Camptopoeum","Andrenidae",22963336116,4,1,"Specialist",23.8571646990621,0,0
"173","Clavipanurgus punctiventris",1,"Clavipanurgus","Andrenidae",63370660081,21,1,"Specialist",24.8722668165287,0,0
"174","Flavipanurgus kastiliensis",1,"Flavipanurgus","Andrenidae",9591870155,7,1,"Specialist",22.9841817177785,0,0
"175","Macrotera texana",1,"Macrotera","Andrenidae",830884951031,122,1,"Specialist",27.4457571758045,0,0
"176","Melitturga clavicornis",1,"Melitturga","Andrenidae",21789776926629,615,1,"Specialist",30.7124620274132,0,0
"177","Panurginus albopilosus",1,"Panurginus","Andrenidae",923439272657,10,1,"Specialist",27.5513708766076,0,0
"178","Panurginus herzi",1.01188890123329,"Panurginus","Andrenidae",384050096659,249,1.847682,"Generalist",26.6740388410744,0.61393188049031,0.0118187834488286
"179","Panurginus montanus",1.7392238150233,"Panurginus","Andrenidae",215846259212,336,7.500101,"Generalist",26.0978322282997,2.01491648711826,0.553438930381733
"180","Panurgus banksianus",1,"Panurgus","Andrenidae",6178682996049,3364,1,"Specialist",29.4521262572521,0,0
"181","Panurgus calcaratus",1,"Panurgus","Andrenidae",22152855275238,7941,1,"Specialist",30.7289875104433,0,0
"182","Panurgus canescens",1,"Panurgus","Andrenidae",544561470020,13,1,"Specialist",27.0232466655462,0,0
"183","Panurgus cephalotes",1,"Panurgus","Andrenidae",295058008016,9,1,"Specialist",26.410437811298,0,0
"184","Panurgus dentipes",1,"Panurgus","Andrenidae",2269809990199,1072,1,"Specialist",28.4507172391603,0,0
"185","Panurgus maroccanus",1,"Panurgus","Andrenidae",94985061056,86,1,"Specialist",25.2769854641394,0,0
"186","Panurgus perezi",1,"Panurgus","Andrenidae",101465017501,5,1,"Specialist",25.3429799208585,0,0
"187","Perdita floridensis",1,"Perdita","Andrenidae",324107697428,117,1,"Specialist",26.5043416969754,0,0
"188","Protomeliturga turnerae",1,"Protomeliturga","Andrenidae",636102542893,179,1,"Specialist",27.1786256182541,0,0
"189","Amegilla albigena",1.83774543358979,"Amegilla","Apidae",17679010121552,586,4.999429,"Generalist",30.5033991829706,1.60932370591278,0.608539512485834
"190","Anthophora aestivalis",1.85496881721369,"Anthophora","Apidae",12425961600921,1567,5.992457,"Generalist",30.1508090773448,1.79050151166445,0.617867885790714
"191","Anthophora atroalba",2.20447461535059,"Anthophora","Apidae",11195740711159,63,8.439701,"Generalist",30.0465545282531,2.13294688144005,0.790489210825808
"192","Anthophora bimaculata",1.20378621487865,"Anthophora","Apidae",20527338957130,1780,3.999977,"Generalist",30.6527787212729,1.38628861110336,0.185471768727414
"193","Anthophora diversipes",2.64083222403579,"Anthophora","Apidae",111416698778,89,9.239055,"Generalist",25.4365430524697,2.22343960769611,0.971094103858869
"194","Anthophora furcata",1.0954497911518,"Anthophora","Apidae",36202854485224,5467,2.933471,"Generalist",31.2201590848345,1.07618636353297,0.0911650471014689
"195","Anthophora plumipes",1.92523446003948,"Anthophora","Apidae",60330514331585,27373,7.728844,"Generalist",31.7308591336488,2.0449593041974,0.655047757746149
"196","Anthophora quadrimaculata",1.94394129048116,"Anthophora","Apidae",15090970190689,3870,3.999885,"Generalist",30.3451176802591,1.3862656107066,0.664717505212433
"197","Bombus affinis",2.36589845274498,"Bombus","Apidae",12056139897077,10076,12.757107,"Generalist",30.1205951811235,2.54608852807291,0.861157845254312
"198","Bombus alpinus",2.37441531616242,"Bombus","Apidae",10387721217680,1496,10.39851,"Generalist",29.9716455724109,2.34166252665254,0.864751224510221
"199","Bombus argillaceus",1.87854600166054,"Bombus","Apidae",10210274041403,1179,8.166658,"Generalist",29.9544155882349,2.10005976765752,0.630498074239125
"200","Bombus armeniacus",1.60081224286315,"Bombus","Apidae",14940151981669,45,7.799167,"Generalist",30.335073468384,2.05401693312077,0.470511152223629
"201","Bombus auricomus",1.86836776022458,"Bombus","Apidae",16928618916988,9416,5.79703,"Generalist",30.4600267326674,1.75734571743477,0.625065194211447
"202","Bombus balteatus",1.8003519022487,"Bombus","Apidae",174339507748236,4118,8.383321,"Generalist",32.7920257079921,2.12624413670359,0.587982147043518
"203","Bombus bimaculatus",2.33566817234333,"Bombus","Apidae",14506558493211,42308,15.56828,"Generalist",30.3056219729704,2.74523551089342,0.848298005365431
"204","Bombus borealis",1.85424203290666,"Bombus","Apidae",28998656976524,7043,9.733432,"Generalist",30.9982706336883,2.27556655754105,0.61747600495908
"205","Bombus brodmannicus",1.99345042506794,"Bombus","Apidae",146397735.3,9,6.578768,"Generalist",18.8018376901095,1.88384749376419,0.689867019242084
"206","Bombus confusus",1.83167615008372,"Bombus","Apidae",14374044734103,506,5.656354,"Generalist",30.2964452471241,1.7327795150374,0.605231476653812
"207","Bombus cullumanus",1.98281037337954,"Bombus","Apidae",26189564458328,126,9.213691,"Generalist",30.8963821442346,2.22069053002779,0.684515218832835
"208","Bombus distinguendus",1.30987595376288,"Bombus","Apidae",94166530737543,4387,7.046843,"Generalist",32.1760859343508,1.95257971511274,0.269932440945452
"209","Bombus fervidus",1.73198352584989,"Bombus","Apidae",26881678216118,22730,9.405945,"Generalist",30.9224660632699,2.24134193617427,0.549267298460993
"210","Bombus fragrans",1.61656121636724,"Bombus","Apidae",14179197755655,52,5.698174,"Generalist",30.2827970596673,1.74014577264001,0.480301187164576
"211","Bombus frigidus",2.0513463803409,"Bombus","Apidae",48766979715579,7393,7.691232,"Generalist",31.5180745545874,2.04008097874803,0.718496348468696
"212","Bombus griseocollis",2.09890765253921,"Bombus","Apidae",18940273082789,61793,15.365761,"Generalist",30.5723116218924,2.73214172250436,0.741417043938873
"213","Bombus haematurus",1.90446612527466,"Bombus","Apidae",7669760032084,284,7.727186,"Generalist",29.6683064442582,2.04474476009955,0.644201720101865
"214","Bombus hortorum",2.10811740689165,"Bombus","Apidae",104148526431609,59875,11.650676,"Generalist",32.2768391350151,2.45536420407935,0.745795324997062
"215","Bombus humilis",1.82798601116594,"Bombus","Apidae",47523398535635,18231,9.471005,"Generalist",31.4922433064314,2.24823502617118,0.603214820467631
"216","Bombus hypnorum",2.5468537846427,"Bombus","Apidae",219390503984377,169601,14.478694,"Generalist",33.0218743810845,2.67267818951974,0.934858787456156
"217","Bombus impatiens",2.43616107272494,"Bombus","Apidae",20683646887287,143207,16.549761,"Generalist",30.660364498536,2.80637166063119,0.890423469469966
"218","Bombus incertus",1.97838075613239,"Bombus","Apidae",227697418537,8,8.816431,"Generalist",26.1512834728284,2.17661713960032,0.682278710192514
"219","Bombus lapidarius",1.63468923709452,"Bombus","Apidae",55849443943210,166823,13.152486,"Generalist",31.6536806851401,2.57661079018584,0.491452717228463
"220","Bombus lapponicus",1.92322297556298,"Bombus","Apidae",77336319549046,4556,6.268865,"Generalist",31.9791848130396,1.83559531752495,0.654002411815564
"221","Bombus lucorum",2.29466002220257,"Bombus","Apidae",74281489433796,87064,9.198417,"Generalist",31.9388829038248,2.21903140403269,0.830584694065097
"222","Bombus melanurus",1.90817142935595,"Bombus","Apidae",12756983462156,48,6.233158,"Generalist",30.1770999601098,1.82988310645458,0.646145416660869
"223","Bombus mendax",1.58661316087185,"Bombus","Apidae",472250933254,1265,8.236449,"Generalist",26.8807763195124,2.10856930443527,0.461601656867027
"224","Bombus mesomelas",1.5334989597196,"Bombus","Apidae",4753314779189,1943,8.693318,"Generalist",29.1898633388425,2.16255468458511,0.427552026201936
"225","Bombus monticola",1.83432645355114,"Bombus","Apidae",13208882295876,6780,8.502932,"Generalist",30.2119106204271,2.14041104519421,0.60667735883977
"226","Bombus mucidus",1.14909733551195,"Bombus","Apidae",1112517792828,992,4.885455,"Generalist",27.7376468444122,1.58626242342954,0.138976708517951
"227","Bombus muscorum",1.85261014186953,"Bombus","Apidae",64557722697919,8574,8.014283,"Generalist",31.7985808650723,2.08122532479235,0.616595532220693
"228","Bombus niveatus",1.3416184503517,"Bombus","Apidae",2394371486272,82,5.559572,"Generalist",28.5041418849075,1.71552112688223,0.293876683930584
"229","Bombus pascuorum",1.96851540151894,"Bombus","Apidae",75534113450248,307511,15.327851,"Generalist",31.9556055039155,2.72967150040882,0.677279655358318
"230","Bombus pensylvanicus",1.6338878053068,"Bombus","Apidae",17902865057539,48277,5.786411,"Generalist",30.5159818750476,1.75551223756039,0.490962331477488
"231","Bombus perplexus",2.69024862796827,"Bombus","Apidae",36194242705966,13468,13.657537,"Generalist",31.2199211808402,2.61429153041824,0.989633616096663
"232","Bombus pomorum",1.66453139535086,"Bombus","Apidae",8535264746004,647,9.373833,"Generalist",29.7752274905578,2.2379220841082,0.509543639585827
"233","Bombus pratorum",2.73786930074103,"Bombus","Apidae",36791566414866,113144,20.230205,"Generalist",31.2362897613301,3.00717678459346,1.00717999042413
"234","Bombus ruderarius",1.58696693463723,"Bombus","Apidae",31777347640840,10604,10.510964,"Generalist",31.0897748135428,2.352418902852,0.461824606189995
"235","Bombus ruderatus",1.97770332234758,"Bombus","Apidae",87811006186606,3754,9.356024,"Generalist",32.1062079639138,2.23602041391745,0.681936233249157
"236","Bombus rufocinctus",2.16488683684806,"Bombus","Apidae",34868542649579,18411,13.087611,"Generalist",31.1826061819251,2.57166605753605,0.77236809073412
"237","Bombus sichelii",1.6202685578863,"Bombus","Apidae",49688659591615,2960,9.346998,"Generalist",31.5367978457637,2.23505522222803,0.482591911977914
"238","Bombus soroeensis",2.27857873462288,"Bombus","Apidae",55115355154115,19049,12.088426,"Generalist",31.6404494711971,2.49224846591135,0.823551886587964
"239","Bombus sporadicus",1.88662068400759,"Bombus","Apidae",61597805811865,2576,5.990749,"Generalist",31.7516473658964,1.79021644604652,0.634787230815829
"240","Bombus subterraneus",1.86556461070714,"Bombus","Apidae",77450751174837,4994,6.825874,"Generalist",31.9806633815802,1.92072039148028,0.623563747604719
"241","Bombus sylvarum",2.0984885886529,"Bombus","Apidae",49151568164626,16198,9.528455,"Generalist",31.525929867702,2.25428258490106,0.741217365917726
"242","Bombus ternarius",2.39378452167933,"Bombus","Apidae",35384352230436,27150,11.562389,"Generalist",31.1972908109566,2.44775750279246,0.872875595432106
"243","Bombus terrestris",2.5150107130263,"Bombus","Apidae",140453031578357,190780,18.906939,"Generalist",32.5758942539974,2.93952899754229,0.922277063195234
"244","Bombus terricola",2.57276659565093,"Bombus","Apidae",35654699740824,21825,13.327641,"Generalist",31.2049020841372,2.5898401492874,0.944981816262643
"245","Bombus vagans",2.15235108787937,"Bombus","Apidae",24777558205919,22807,9.757004,"Generalist",30.8409594483687,2.27798538608781,0.766560773918209
"246","Bombus veteranus",1.67777442813204,"Bombus","Apidae",35128439871472,4414,8.677551,"Generalist",31.1900321710713,2.16073934600533,0.517468170005076
"247","Bombus wurflenii",2.00143379957949,"Bombus","Apidae",16529880534780,7767,8.563689,"Generalist",30.4361908005593,2.14753105526187,0.693863823499785
"248","Bombus zonatus",1.87508672008349,"Bombus","Apidae",2292775431135,119,5.694876,"Generalist",28.460784178303,1.73956682317659,0.628654909064036
"249","Centris nitida",2.55183601876674,"Centris","Apidae",4435574418253,1072,10.551193,"Generalist",29.1206782426387,2.35623893409767,0.936813107448893
"250","Ceratina calcarata",2.14447460941856,"Ceratina","Apidae",9543188778048,14476,9.100156,"Generalist",29.8868487990026,2.20829155623301,0.762894585043929
"251","Ceratina dupla",2.21879185902113,"Ceratina","Apidae",9106437276563,6687,9.888864,"Generalist",29.8400026723957,2.29140927553882,0.79696284010132
"252","Ceratina mikmaqi",1.94624402284586,"Ceratina","Apidae",4822625015882,4024,7.716582,"Generalist",29.2043395048495,2.0433715198817,0.665901373048115
"253","Chalepogenus cocuccii",1.14660974565463,"Chalepogenus","Apidae",195684994614,59,6.249686,"Generalist",25.9997720329565,1.83253122248624,0.136809541067594
"254","Diadasia angusticeps",1,"Diadasia","Apidae",322079727859,109,1,"Specialist",26.4980649538891,0,0
"255","Diadasia diminuta",1.11571452221276,"Diadasia","Apidae",10298055441774,5369,3.962704,"Generalist",29.9629762012799,1.37692662052806,0.109495026766723
"256","Diadasia enavata",1,"Diadasia","Apidae",8604125378815,2151,1,"Specialist",29.7832628993821,0,0
"257","Diadasia laticauda",1,"Diadasia","Apidae",204153399393,342,1,"Specialist",26.0421375060208,0,0
"258","Diadasia nigrifrons",1,"Diadasia","Apidae",2602782284209,412,1,"Specialist",28.5876020981083,0,0
"259","Diadasia ochracea",1,"Diadasia","Apidae",4632534498013,3421,1,"Specialist",29.1641252420319,0,0
"260","Diadasia sphaeralcearum",1,"Diadasia","Apidae",2410679300116,410,1,"Specialist",28.510929690982,0,0
"261","Diadasia tropicalis",1,"Diadasia","Apidae",2732602568307,152,1,"Specialist",28.636275592727,0,0
"262","Diadasia vallicola",1,"Diadasia","Apidae",1689205493648,543,1,"Specialist",28.1552794122197,0,0
"263","Diadasina riparia",1,"Diadasina","Apidae",3752559193297,166,1,"Specialist",28.9534591746926,0,0
"264","Eucera alternans",2.40352672737013,"Eucera","Apidae",952265657939,6,8,"Generalist",27.5821098852668,2.07944154167984,0.876937128477331
"265","Eucera caspica",1.16357643352321,"Eucera","Apidae",1355751315026,30,2.999964,"Generalist",27.9353768926291,1.09860028859611,0.151498394359917
"266","Eucera clypeata",1.56666118754749,"Eucera","Apidae",5129531167993,63,7.897012,"Generalist",29.2660353806801,2.06648446007868,0.448946722731675
"267","Eucera elongatula",1.48676270279249,"Eucera","Apidae",565863408847,24,8.271956,"Generalist",27.0616185589001,2.11287099860299,0.396601073568395
"268","Eucera eucnemidea",1.05950547127865,"Eucera","Apidae",383060731321,10,1.998331,"Generalist",26.6714593809743,0.692312332170986,0.0578022627323763
"269","Eucera frater",1.36319849245733,"Eucera","Apidae",4491868790681,925,5,"Generalist",29.1332899428236,1.6094379124341,0.30983377120713
"270","Eucera furfurea",1,"Eucera","Apidae",359598016052,12,1,"Specialist",26.6082526224319,0,0
"271","Eucera interrupta",1,"Eucera","Apidae",9377715064723,285,1,"Specialist",29.8693572527608,0,0
"272","Eucera longicornis",1.06491022897631,"Eucera","Apidae",27860858083893,7664,2.58302,"Generalist",30.9582438836585,0.948959257018299,0.0628905035675928
"273","Eucera nigrescens",1.15251647583968,"Eucera","Apidae",7837259707323,3543,2.497512,"Generalist",29.6899103620649,0.915295036333833,0.141947791525905
"274","Eucera nigrifacies",1,"Eucera","Apidae",2362494317461,50,1,"Specialist",28.4907390910039,0,0
"275","Eucera nigrilabris",1.30502089283177,"Eucera","Apidae",3500487500698,106,3.588234,"Generalist",28.8839233606382,1.27766015946129,0.266219050479271
"276","Eucera notata",1.05897698685528,"Eucera","Apidae",651974936512,17,1.986132,"Generalist",27.2032719572017,0.686189028671061,0.0573033353682998
"277","Eucera primiveris",1.32282449527901,"Eucera","Apidae",809687653273,320,5.96059,"Generalist",27.4199143970018,1.78516946946634,0.279769219703527
"278","Eucera proxima",1.09060497965606,"Eucera","Apidae",2953898430336,24,1.999828,"Generalist",28.7141469156741,0.693061176861733,0.0867325694778138
"279","Eucera taurica",1,"Eucera","Apidae",2880626887982,45,1,"Specialist",28.689029055828,0,0
"280","Euglossa cordata",2.19317993734218,"Euglossa","Apidae",12934927758378,3635,8.376538,"Generalist",30.1909523465782,2.12543470264209,0.7853525168414
"281","Eulaema nigrita",1.79413335014495,"Eulaema","Apidae",12479736551187,2812,5.776705,"Generalist",30.1551273689665,1.7538334509289,0.584522092058655
"282","Melipona mimetica",2.79544963093895,"Melipona","Apidae",15601441448,6,20.206686,"Generalist",23.4706291474461,3.00601353974103,1.02799296341451
"283","Melissodes desponsus",1,"Melissodes","Apidae",10426147399682,2673,1,"Specialist",29.9753379398766,0,0
"284","Melissodes illatus",1.01835881786972,"Melissodes","Apidae",7838974608863,323,1.948122,"Generalist",29.6901291520513,0.666865831596027,0.0181923293736217
"285","Melissodes subillatus",1,"Melissodes","Apidae",10986367809648,372,1,"Specialist",30.02767633014,0,0
"286","Melitoma segmentaria",1,"Melitoma","Apidae",20738198761248,765,1,"Specialist",30.6629984664168,0,0
"287","Melitomella murihirta",1,"Melitomella","Apidae",17711046.48,24,1,"Specialist",16.6896990977931,0,0
"288","Peponapis michelbacherorum",1,"Peponapis","Apidae",68396361598,78,1,"Specialist",24.9485854671484,0,0
"289","Peponapis pruinosa",1,"Peponapis","Apidae",14113834601017,4477,1,"Specialist",30.2781766096499,0,0
"290","Peponapis utahensis",1,"Peponapis","Apidae",2212017995553,312,1,"Specialist",28.4249263349773,0,0
"291","Ptilothrix bombiformis",1,"Ptilothrix","Apidae",4623740559760,4658,1,"Specialist",29.1622251384062,0,0
"292","Ptilothrix plumata",1,"Ptilothrix","Apidae",2455513532075,29,1,"Specialist",28.529357033335,0,0
"293","Xenoglossa angustior",1,"Xenoglossa","Apidae",2596331384088,232,1,"Specialist",28.5851205584294,0,0
"294","Xenoglossa patricia",1,"Xenoglossa","Apidae",1081131321701,124,1,"Specialist",27.7090291288919,0,0
"295","Xenoglossa strenua",1,"Xenoglossa","Apidae",8962642127129,515,1,"Specialist",29.8240861797067,0,0
"296","Xylocopa virginica",2.37916933085539,"Xylocopa","Apidae",33866791828875,51392,7.942681,"Generalist",31.1534560581325,2.07225087569633,0.866751406112506
"297","Colletes abeillei",1.06201057526246,"Colletes","Colletidae",1362856231153,47,1.988972,"Generalist",27.9406037833679,0.687617922346905,0.0601638806444279
"298","Colletes acutus",1.71882818144137,"Colletes","Colletidae",77977129874,13,3.912804,"Generalist",25.0796814138989,1.36425425252832,0.541642768782292
"299","Colletes albomaculatus",1.42373881938013,"Colletes","Colletidae",5337169689537,72,5.750953,"Generalist",29.3057166077041,1.74936558020648,0.353286382810846
"300","Colletes brevigena",2.22341571473301,"Colletes","Colletidae",1008399671504,9,7.897349,"Generalist",27.6393857065005,2.06652713353664,0.799044623676274
"301","Colletes capensis",1.34618586953995,"Colletes","Colletidae",959916972968,384,3.740718,"Generalist",27.5901126311765,1.31927757161053,0.297275311986087
"302","Colletes carinatus",1.58202808137634,"Colletes","Colletidae",851314103836,12,3,"Generalist",27.470046997109,1.09861228866811,0.458707619741867
"303","Colletes cariniger",1.00609486311002,"Colletes","Colletidae",938824314031,19,1.4,"Generalist",27.567894199641,0.336472236621213,0.00607636455789809
"304","Colletes caskanus",1.84283049986141,"Colletes","Colletidae",559928845251,14,4.994055,"Generalist",27.0510755505508,1.6082482050128,0.611302704768256
"305","Colletes collaris",1.16181517516555,"Colletes","Colletidae",2584395474026,120,2,"Generalist",28.5805127373621,0.693147180559945,0.149983588261994
"306","Colletes consors",1.64445843755901,"Colletes","Colletidae",23073136890041,445,4,"Generalist",30.7696901515643,1.38629436111989,0.497411112724071
"307","Colletes cunicularius",1.83352993622723,"Colletes","Colletidae",31551757131322,16416,9.039784,"Generalist",31.0826503969092,2.20163528031331,0.606243035762865
"308","Colletes daviesanus",1,"Colletes","Colletidae",43102578659708,10506,1,"Specialist",31.3946039409401,0,0
"309","Colletes dorsalis",1.2133581529218,"Colletes","Colletidae",849519742.8,7,3.992828,"Generalist",20.5601817393006,1.3844997517714,0.193391848476103
"310","Colletes dusmeti",1.75442172890012,"Colletes","Colletidae",59261098270,5,8.756259,"Generalist",24.8052189119947,2.16976875893991,0.562139303418829
"311","Colletes eous",2.49530966005519,"Colletes","Colletidae",7134425586309,44,11.959893,"Generalist",29.5959528571427,2.48155880199417,0.914412833748763
"312","Colletes floralis",1.61983603056195,"Colletes","Colletidae",32448604679947,1390,6.994813,"Generalist",31.110678559077,1.94516887437911,0.482324928419137
"313","Colletes fodiens",1,"Colletes","Colletidae",6630716831270,1114,1,"Specialist",29.5227340336288,0,0
"314","Colletes foveolaris",1.25691443526297,"Colletes","Colletidae",1184898191023,15,2.27027,"Generalist",27.8006779720762,0.819898767151463,0.228659856696908
"315","Colletes gallicus",2.2695466768783,"Colletes","Colletidae",1503215308729,37,4.501121,"Generalist",28.0386274690871,1.50432647686436,0.819580109734524
"316","Colletes halophilus",1.06265942067748,"Colletes","Colletidae",2590748937861,740,2.842946,"Generalist",28.5829681150371,1.04484083846807,0.0607746535516808
"317","Colletes hederae",1.1487732091381,"Colletes","Colletidae",6522043511997,12815,4.780439,"Generalist",29.5062088648461,1.56453238329042,0.13869459830356
"318","Colletes hethiticus",1.42441661330212,"Colletes","Colletidae",120194545595,40,3.552446,"Generalist",25.5123774802725,1.26763638031061,0.353762335721992
"319","Colletes hylaeiformis",1,"Colletes","Colletidae",6180836921869,90,1,"Specialist",29.4524748024798,0,0
"320","Colletes impunctatus",1.35418608099556,"Colletes","Colletidae",89047488008629,892,8.436838,"Generalist",32.1201909164918,2.1326075938613,0.303200595620162
"321","Colletes inaequalis",1.74291569481405,"Colletes","Colletidae",14927837279621,5291,4.857999,"Generalist",30.3342488596272,1.58062662473393,0.555559397504695
"322","Colletes inexpectatus",1,"Colletes","Colletidae",2891194350865,65,1,"Specialist",28.6926908028758,0,0
"323","Colletes kincaidii",2.22867661568833,"Colletes","Colletidae",42669698929301,8155,5,"Generalist",31.3845101573103,1.6094379124341,0.80140796343365
"324","Colletes lacunatus",1.68969604830607,"Colletes","Colletidae",3445444593081,71,4,"Generalist",28.8680740666627,1.38629436111989,0.524548659686148
"325","Colletes ligatus",1.06741243250044,"Colletes","Colletidae",1385603982663,9,2.846049,"Generalist",27.9571572490742,1.04593171666632,0.0652374323114124
"326","Colletes maidli",2.11031195440968,"Colletes","Colletidae",2021338397743,21,8.522361,"Generalist",28.3347809810771,2.14269341512865,0.746835782251672
"327","Colletes marginatus",2.13971374436509,"Colletes","Colletidae",16802996705187,891,7.139522,"Generalist",30.4525783617395,1.96564582733175,0.760672055771136
"328","Colletes mlokossewiczi",1,"Colletes","Colletidae",7894813507375,114,1,"Specialist",29.6972271417454,0,0
"329","Colletes nanus",1.81196481220575,"Colletes","Colletidae",1938128732693,39,5.414199,"Generalist",28.2927440527292,1.68902494707368,0.594411788119729
"330","Colletes nasutus",1,"Colletes","Colletidae",2996276857205,71,1,"Specialist",28.728391586261,0,0
"331","Colletes nigricans",2.26729255806142,"Colletes","Colletidae",1246748511264,418,10.969805,"Generalist",27.8515600872785,2.3951464983771,0.818586413953986
"332","Colletes perezi",2.6846233350509,"Colletes","Colletidae",2313854658499,25,10.027511,"Generalist",28.46993593309,2.30533241564477,0.987540433222736
"333","Colletes petalostemonis",1,"Colletes","Colletidae",2028783087206,485,1,"Specialist",28.3384572648011,0,0
"334","Colletes pumilus",1.87347993845546,"Colletes","Colletidae",1904879551660,34,4.961428,"Generalist",28.2754398950332,1.60169360252646,0.627797631137405
"335","Colletes punctatus",1,"Colletes","Colletidae",882769501879,11,1,"Specialist",27.5063299636989,0,0
"336","Colletes rufotibialis",1.71805746959659,"Colletes","Colletidae",47243479106,60,3.999926,"Generalist",24.5785804730235,1.38627586094876,0.541194274455773
"337","Colletes sierrensis",1.02200902839929,"Colletes","Colletidae",15203077438,30,1.905596,"Generalist",23.4447637073321,0.644794820540289,0.0217703257926803
"338","Colletes similis",1.13701959406979,"Colletes","Colletidae",22376889473096,2830,3.822413,"Generalist",30.7390498222491,1.34088189858823,0.12841044775077
"339","Colletes simulans",1,"Colletes","Colletidae",16604808935702,1938,1,"Specialist",30.4407134642594,0,0
"340","Colletes succinctus",1.13692059148732,"Colletes","Colletidae",9091575108556,3487,3.62499,"Generalist",29.8383692883759,1.28785152968214,0.128323371948904
"341","Colletes thoracicus",2.33612904758534,"Colletes","Colletidae",4308574418427,1642,6.999806,"Generalist",29.0916282039447,1.94588243438555,0.848495306413318
"342","Colletes tuberculatus",1,"Colletes","Colletidae",1496102351123,9,1,"Specialist",28.0338844096666,0,0
"343","Colletes validus",1,"Colletes","Colletidae",2691490961173,392,1,"Specialist",28.6211164166557,0,0
"344","Euryglossa aureophila",1,"Euryglossa","Colletidae",453436870.9,27,1,"Specialist",19.93236661364,0,0
"345","Euryglossa morrisoni",1,"Euryglossa","Colletidae",3508822100,97,1,"Specialist",21.9785462340577,0,0
"346","Hylaeus alpinus",2.70578770547549,"Hylaeus","Colletidae",297866518897,418,11.938756,"Generalist",26.4199112999398,2.47978991493186,0.995393073409888
"347","Hylaeus angustatus",2.56223803955009,"Hylaeus","Colletidae",12923333932449,2130,12.662449,"Generalist",30.1900556253025,2.53864084192602,0.940881110770582
"348","Hylaeus brevicornis",1.65450836586068,"Hylaeus","Colletidae",20230998258347,6101,5.626674,"Generalist",30.6382371113355,1.72751850381639,0.503503904795083
"349","Hylaeus clypearis",1.03235696136297,"Hylaeus","Colletidae",4343782809666,443,2.20385,"Generalist",29.0997666995354,0.790205830898387,0.0318445000458207
"350","Hylaeus communis",2.55357720077644,"Hylaeus","Colletidae",21413602758505,20312,14.118476,"Generalist",30.6950474789418,2.64748429422869,0.937495199966123
"351","Hylaeus confusus",1.93170899738297,"Hylaeus","Colletidae",41430102936769,13406,6.852367,"Generalist",31.3550288566097,1.92459414003162,0.65840510197304
"352","Hylaeus cornutus",1.0869273246636,"Hylaeus","Colletidae",8874804129781,576,3.637768,"Generalist",29.8142373811627,1.29137030675954,0.0833547472687902
"353","Hylaeus crassanus",1.76167313574114,"Hylaeus","Colletidae",239394626124,45,4.995405,"Generalist",26.2013791825502,1.6085184898947,0.566264002780444
"354","Hylaeus dilatatus",1.87357802062551,"Hylaeus","Colletidae",10651267824641,2585,10.777477,"Generalist",29.996700045566,2.37745849356125,0.62784998270023
"355","Hylaeus duckei",1.04035404990495,"Hylaeus","Colletidae",4199945949638,58,2.608908,"Generalist",29.0660927720013,0.958931742980151,0.0395610878201687
"356","Hylaeus gibbus",2.16182743900317,"Hylaeus","Colletidae",15120610385455,1236,11.521577,"Generalist",30.3470798552735,2.44422153825995,0.7709539005844
"357","Hylaeus glacialis",1.63308780515936,"Hylaeus","Colletidae",308664876362,79,7.800432,"Generalist",26.4555219827845,2.05417911677726,0.490472581776957
"358","Hylaeus gredleri",1.13113581065876,"Hylaeus","Colletidae",11479916159307,1852,3.203516,"Generalist",30.071620203597,1.16424895662169,0.12322227008299
"359","Hylaeus hyalinatus",2.64246030232775,"Hylaeus","Colletidae",16276747098953,10659,14.32135,"Generalist",30.4207586468917,2.66175143083203,0.971710415878457
"360","Hylaeus incongruus",2.50780454383664,"Hylaeus","Colletidae",13711983104649,1665,11.558189,"Generalist",30.2492912456252,2.44739419007198,0.919407686654245
"361","Hylaeus kahri",1.11148929907927,"Hylaeus","Colletidae",5189097315049,386,2.869761,"Generalist",29.2775808702429,1.05422875104263,0.105700826916722
"362","Hylaeus leptocephalus",1.43383798495063,"Hylaeus","Colletidae",35434877452214,1762,7.879999,"Generalist",31.1987176898022,2.06432777696623,0.360354754588596
"363","Hylaeus moricei",2.53542745831704,"Hylaeus","Colletidae",6332960478928,49,11.034432,"Generalist",29.4767889329457,2.40102056579672,0.930362245438223
"364","Hylaeus nigritus",1.05073962265522,"Hylaeus","Colletidae",13940951744813,2816,3.693674,"Generalist",30.2658517933072,1.30662162666449,0.0494943187231924
"365","Hylaeus nivalis",2.60268944639493,"Hylaeus","Colletidae",249999797358,277,10.983803,"Generalist",26.2447259442403,2.39642173312639,0.956545312861449
"366","Hylaeus paulus",1.28211690677383,"Hylaeus","Colletidae",23265580172527,166,6.073621,"Generalist",30.7779961384825,1.80395496757437,0.248512545272065
"367","Hylaeus pectoralis",1.95081647630916,"Hylaeus","Colletidae",28116527337648,1707,9.127059,"Generalist",30.9673786808512,2.21124351785043,0.668247990742411
"368","Hylaeus pfankuchi",1.39005495361849,"Hylaeus","Colletidae",23350524009678,222,5.157764,"Generalist",30.7816405413196,1.64050315224412,0.329343281338446
"369","Hylaeus pictipes",2.28673949542952,"Hylaeus","Colletidae",10906561010206,1058,8.731807,"Generalist",30.0203856516198,2.16697233583235,0.827127001875708
"370","Hylaeus pilosulus",1,"Hylaeus","Colletidae",190062046081,45,1,"Specialist",25.9706164141194,0,0
"371","Hylaeus rinki",1.46531599732071,"Hylaeus","Colletidae",5873863579257,1560,4.578768,"Generalist",29.4015337239302,1.52142996630709,0.382070917039435
"372","Hylaeus signatus",1,"Hylaeus","Colletidae",18633122883257,3561,1,"Specialist",30.5559619130781,0,0
"373","Hylaeus sinuatus",1.02143993571237,"Hylaeus","Colletidae",9980456075678,1225,1.804454,"Generalist",29.9316499041735,0.590258052949793,0.0212133334609615
"374","Hylaeus styriacus",1,"Hylaeus","Colletidae",8072280474065,761,1,"Specialist",29.7194571449155,0,0
"375","Hylaeus taeniolatus",1.08205895438032,"Hylaeus","Colletidae",7048495095082,282,3.301992,"Generalist",29.583835248276,1.19452592272093,0.0788656654282317
"376","Hylaeus tyrolensis",1,"Hylaeus","Colletidae",2579192410697,120,1,"Specialist",28.5784974467517,0,0
"377","Hylaeus variegatus",1.17584757947891,"Hylaeus","Colletidae",17932074231847,1396,6.303578,"Generalist",30.5176120818433,1.84111740869052,0.161989231789782
"378","Scrapter niger",1.16378013205654,"Scrapter","Colletidae",334696121529,143,3.91165,"Generalist",26.536488857194,1.36395927986738,0.151673441481492
"379","Scrapter nitidus",1,"Scrapter","Colletidae",846632091894,468,1,"Specialist",27.4645320711114,0,0
"380","Agapostemon sericeus",1.61591461971817,"Agapostemon","Halictidae",11680770531734,3271,6.931812,"Generalist",30.0889650613354,1.93612125088547,0.479901124370307
"381","Agapostemon virescens",1.82413845762693,"Agapostemon","Halictidae",19353479959340,23574,4.826446,"Generalist",30.5938933620945,1.57411037901231,0.601107797557909
"382","Augochlora pura",2.75401859293247,"Augochlora","Halictidae",12227321754337,18202,10.820338,"Generalist",30.1346940518124,2.38142751137774,1.01306115153003
"383","Augochlorella aurata",2.62215409414503,"Augochlorella","Halictidae",16191472276038,37260,12.81581,"Generalist",30.4155058168546,2.55067956499763,0.963996153311445
"384","Dufourea alpina",1.31064876810957,"Dufourea","Halictidae",435925388138,488,6.046502,"Generalist",26.8007369375275,1.79947992301301,0.270522257452536
"385","Dufourea dentiventris",1,"Dufourea","Halictidae",5934138371765,2573,1,"Specialist",29.4117429559892,0,0
"386","Dufourea halictula",1,"Dufourea","Halictidae",2604932044615,386,1,"Specialist",28.5884277042735,0,0
"387","Dufourea inermis",1,"Dufourea","Halictidae",4774441706505,407,1,"Specialist",29.1942981629219,0,0
"388","Dufourea minuta",1,"Dufourea","Halictidae",9585494145180,459,1,"Specialist",29.8912720451067,0,0
"389","Dufourea monardae",1,"Dufourea","Halictidae",2810652150030,181,1,"Specialist",28.6644376542086,0,4.44089209850063e-16
"390","Dufourea paradoxa",2.3214429372203,"Dufourea","Halictidae",1977765208625,240,9.008189,"Generalist",28.3129886406806,2.19813405252714,0.842188948042336
"391","Halictus confusus",2.74807627244069,"Halictus","Halictidae",36642830443612,15111,12.823909,"Generalist",31.2322389028494,2.55131131921221,1.01090112959381
"392","Halictus crenicornis",2.70677904271457,"Halictus","Halictidae",355990686610,13,11.999405,"Generalist",26.5981704062484,2.48485706522537,0.995759382887917
"393","Halictus ligatus",1.0384355741203,"Halictus","Halictidae",20097571788192,44196,2.760929,"Generalist",30.6316201171383,1.01556721729684,0.0377153249713024
"394","Halictus maculatus",2.02681139060142,"Halictus","Halictidae",17399740904665,3022,6.538461,"Generalist",30.4874764315017,1.87770181667584,0.706463814596633
"395","Halictus pollinosus",2.00586761194291,"Halictus","Halictidae",9556530149800,83,5,"Generalist",29.8882458220659,1.6094379124341,0.696076691321484
"396","Halictus quadricinctus",1.29576881428579,"Halictus","Halictidae",25931500856191,1391,5.011414,"Generalist",30.8864795948758,1.61171811080476,0.259104197979013
"397","Halictus rubicundus",2.5569893950999,"Halictus","Halictidae",100874580987098,28745,13.221802,"Generalist",32.2448990887266,2.58186713375766,0.938830548901112
"398","Halictus scabiosae",1.24647828364592,"Halictus","Halictidae",10465687163977,14952,4.11294,"Generalist",29.979123132736,1.41413810124983,0.220322201965228
"399","Halictus subauratus",2.03858248520848,"Halictus","Halictidae",19195261076370,3242,10.810144,"Generalist",30.5856845455584,2.38048495256147,0.712254706136969
"400","Halictus tumulorum",2.93580455562399,"Halictus","Halictidae",48740774592342,26505,13.113593,"Generalist",31.517537056333,2.57364932582527,1.07698154028854
"401","Lasioglossum acuminatum",2.15456963138857,"Lasioglossum","Halictidae",3951266817271,940,9.711108,"Generalist",29.0050573566572,2.27327038495909,0.767590996599345
"402","Lasioglossum albipes",2.56204896239677,"Lasioglossum","Halictidae",11653643547744,16432,7.995485,"Generalist",30.0866399979232,2.07887700736032,0.940807314297695
"403","Lasioglossum albocinctum",1.51551884484808,"Lasioglossum","Halictidae",1834453171652,161,6.611377,"Generalist",28.2377675539248,1.88879195289402,0.415757852178153
"404","Lasioglossum anomalum",1.96055986054961,"Lasioglossum","Halictidae",4445842003872,609,5.999989,"Generalist",29.1229903941482,1.79175763589304,0.673230075591749
"405","Lasioglossum bimaculatum",1.27983033477431,"Lasioglossum","Halictidae",581742574182,23,4.61322,"Generalist",27.0892938744268,1.52892609474566,0.246727518188298
"406","Lasioglossum brevicorne",1.01534391988839,"Lasioglossum","Halictidae",7929014715069,618,2.006831,"Generalist",29.7015498960714,0.696556860987223,0.0152273924298076
"407","Lasioglossum calceatum",2.32916349264957,"Lasioglossum","Halictidae",43079149959610,31796,14.296803,"Generalist",31.394060236351,2.66003594583759,0.845509187085697
"408","Lasioglossum cinctipes",1.96115027801423,"Lasioglossum","Halictidae",11528334886551,1259,8.245676,"Generalist",30.0758290240434,2.10968894173493,0.67353117763561
"409","Lasioglossum clypeare",1,"Lasioglossum","Halictidae",3716278923787,86,1,"Specialist",28.9437439942858,0,4.44089209850063e-16
"410","Lasioglossum convexiusculum",1,"Lasioglossum","Halictidae",3321593046895,131,1,"Specialist",28.8314656171758,0,4.44089209850063e-16
"411","Lasioglossum coriaceum",2.1895371288475,"Lasioglossum","Halictidae",10164600318019,4670,8.277221,"Generalist",29.9499322428083,2.11350728404216,0.783690164798796
"412","Lasioglossum corvinum",1.01409386794199,"Lasioglossum","Halictidae",1655069803473,14,1.833333,"Generalist",28.1348643011932,0.606135621752117,0.0139954728193796
"413","Lasioglossum costulatum",1.10887246444111,"Lasioglossum","Halictidae",10531940881623,576,2.848182,"Generalist",29.9854337443322,1.04668089600231,0.103343701251206
"414","Lasioglossum cressonii",2.51094498571022,"Lasioglossum","Halictidae",14987256259695,7897,13.038219,"Generalist",30.3382213732439,2.56788496741604,0.920659170620508
"415","Lasioglossum cupromicans",2.82671009785179,"Lasioglossum","Halictidae",2336281543479,1299,16.688067,"Generalist",28.4795816973817,2.81469391311134,1.03911352582372
"416","Lasioglossum euboeense",1.88315534737091,"Lasioglossum","Halictidae",2098078339540,112,8.654125,"Generalist",28.3720429653104,2.15803608588604,0.632948746203527
"417","Lasioglossum foxii",1.80207941135934,"Lasioglossum","Halictidae",13693349603821,1209,3.714286,"Generalist",30.2479314005251,1.31218646588924,0.588941226672061
"418","Lasioglossum fulvicorne",2.20650282121923,"Lasioglossum","Halictidae",22056919201700,13225,8.195766,"Generalist",30.7246474645932,2.10361767945663,0.791408828321359
"419","Lasioglossum glabriusculum",2.73575925869572,"Lasioglossum","Halictidae",4325027887237,2103,9.9748,"Generalist",29.0954397042077,2.30006191244961,1.00640900564614
"420","Lasioglossum hitchensi",2.71606321068998,"Lasioglossum","Halictidae",5904802787786,7152,11.382839,"Generalist",29.4067871675241,2.43210687034426,0.999183482875545
"421","Lasioglossum imitatum",2.67552533487853,"Lasioglossum","Halictidae",11846887516709,9535,9.6741,"Generalist",30.1030862921915,2.2694522113331,0.984145747937073
"422","Lasioglossum intermedium",2.2083265999748,"Lasioglossum","Halictidae",3716717157008,257,6.997842,"Generalist",28.9438619099195,1.94560181581122,0.792235034131511
"423","Lasioglossum interruptum",2.37724857313716,"Lasioglossum","Halictidae",5866217492685,1148,10.761867,"Generalist",29.4002311626265,2.37600905269315,0.86594375722151
"424","Lasioglossum laevigatum",2.64491822952349,"Lasioglossum","Halictidae",6613659786533,2872,12.433152,"Generalist",29.5201582907819,2.5203664534249,0.97264014971839
"425","Lasioglossum laevissimum",2.46681745630043,"Lasioglossum","Halictidae",16300220281539,1684,7.99972,"Generalist",30.4221997378548,2.07940654106732,0.902928840606204
"426","Lasioglossum laticeps",2.94194183866448,"Lasioglossum","Halictidae",11025648636431,13131,15.158611,"Generalist",30.0312453687672,2.71856875332532,1.07906985266516
"427","Lasioglossum lativentre",1.24079990683644,"Lasioglossum","Halictidae",10581644098091,2824,4.689348,"Generalist",29.9901419270809,1.54529355360436,0.215756257796724
"428","Lasioglossum leucopus",1.90700308389992,"Lasioglossum","Halictidae",16310542495205,16272,6.652891,"Generalist",30.4228327935169,1.89505149703919,0.645532943764284
"429","Lasioglossum leucozonium",1.1765136012681,"Lasioglossum","Halictidae",66993942601768,17030,5.087538,"Generalist",31.8356233223035,1.62679402002829,0.162555489907321
"430","Lasioglossum lineatulum",2.5525980447858,"Lasioglossum","Halictidae",9461253862633,1731,11.752153,"Generalist",29.8782260338279,2.46403645784741,0.937111681596481
"431","Lasioglossum macoupinense",1.19374967351063,"Lasioglossum","Halictidae",9168945674280,450,5.752271,"Generalist",29.8468434200447,1.7495947333562,0.177099339313817
"432","Lasioglossum malachurum",1.46934869593811,"Lasioglossum","Halictidae",17643848147288,11314,10.512934,"Generalist",30.5014082916554,2.35260630863239,0.384819238621113
"433","Lasioglossum mediterraneum",2.89637879214443,"Lasioglossum","Halictidae",975965057501,23,14.931701,"Generalist",27.6066926209778,2.70348653674256,1.06346126436252
"434","Lasioglossum monstrificum",2.26616803298794,"Lasioglossum","Halictidae",3339175159252,415,8,"Generalist",28.8367449341101,2.07944154167984,0.818090313867107
"435","Lasioglossum morio",2.70753420865574,"Lasioglossum","Halictidae",21494792331827,30501,16.763503,"Generalist",30.6988318045985,2.81920408276102,0.996038334589087
"436","Lasioglossum nigripes",1.26422824155963,"Lasioglossum","Halictidae",6282388160591,1470,4.517947,"Generalist",29.4687713044693,1.50805768712264,0.234461850277845
"437","Lasioglossum pallens",1.05901639327932,"Lasioglossum","Halictidae",2296807170466,385,3.279991,"Generalist",28.4625410876859,1.18784067848985,0.0573405464610428
"438","Lasioglossum paradmirandum",2.56066312972156,"Lasioglossum","Halictidae",3352169865872,348,9.890367,"Generalist",28.8406289732405,2.29156125313622,0.940266259995171
"439","Lasioglossum paraforbesii",2.29199798924452,"Lasioglossum","Halictidae",9306992451688,645,7.995977,"Generalist",29.8617871100958,2.0789385401958,0.829423921559143
"440","Lasioglossum parvulum",2.49891407852539,"Lasioglossum","Halictidae",5509256235199,2579,11.20786,"Generalist",29.3374507454448,2.41661531787889,0.915856268918948
"441","Lasioglossum pauperatum",2.33932900973867,"Lasioglossum","Halictidae",3670188195685,129,8.900153,"Generalist",28.9312640561585,2.18606846760157,0.849864140274619
"442","Lasioglossum pauxillum",1.83947476508217,"Lasioglossum","Halictidae",11252892930055,13733,9.426275,"Generalist",30.05164636086,2.24350100269935,0.609480077111526
"443","Lasioglossum pectorale",2.22747727143319,"Lasioglossum","Halictidae",9093213167850,4048,10.141116,"Generalist",29.8385494454691,2.31659805127857,0.800869676689305
"444","Lasioglossum perpunctatum",2.15541859426491,"Lasioglossum","Halictidae",9617640002194,497,6.5,"Generalist",29.8946200284925,1.87180217690159,0.767984947971308
"445","Lasioglossum pilosum",2.62457156237101,"Lasioglossum","Halictidae",12600084540071,12431,12.677564,"Generalist",30.1647246393929,2.53983381698824,0.964917668387823
"446","Lasioglossum prasinum",1.96470553439217,"Lasioglossum","Halictidae",3873196161410,346,4.671139,"Generalist",28.9851011636191,1.54140293915899,0.675342378820639
"447","Lasioglossum punctatissimum",2.28169274923075,"Lasioglossum","Halictidae",11090460528137,4525,5.900901,"Generalist",30.0371064428612,1.77510505111681,0.824917601371792
"448","Lasioglossum puncticolle",1.04921021004569,"Lasioglossum","Halictidae",5926560766013,530,2.763836,"Generalist",29.4104651886848,1.01661956984696,0.0480377002305654
"449","Lasioglossum quebecense",2.69088843581381,"Lasioglossum","Halictidae",30832831554514,2591,8.997674,"Generalist",31.0596011977387,2.19696609948925,0.989871412622182
"450","Lasioglossum tricinctum",2.50384739430526,"Lasioglossum","Halictidae",3209672628319,914,10.995083,"Generalist",28.7971900629223,2.39744817286409,0.917828506614375
"451","Lasioglossum versans",2.59337219695579,"Lasioglossum","Halictidae",15323484606200,1513,8.769231,"Generalist",30.3604077090899,2.17124911724875,0.952959035382571
"452","Lasioglossum versatum",2.571866476695,"Lasioglossum","Halictidae",8073335906118,11759,12.559941,"Generalist",29.7195878840622,2.53051246357679,0.944631890834548
"453","Lasioglossum villosulum",1.00916084656795,"Lasioglossum","Halictidae",55213766213178,11330,1.521542,"Generalist",31.6422334260395,0.41972429431172,0.00911914052795034
"454","Lasioglossum xanthopus",2.23669003176268,"Lasioglossum","Halictidae",17507162120681,1146,7.49872,"Generalist",30.4936311771712,2.01473233931039,0.804997108652579
"455","Lasioglossum zonulum",2.24526491885522,"Lasioglossum","Halictidae",35242655683090,11750,9.817409,"Generalist",31.1932782740632,2.28415723826486,0.808823518176719
"456","Lipotriches cinerascens",1,"Lipotriches","Halictidae",1139402576368,25,1,"Specialist",27.7615251851522,0,0
"457","Lipotriches cribrosa",1,"Lipotriches","Halictidae",1435335829069,36,1,"Specialist",27.9924199649858,0,0
"458","Lipotriches hylaeoides",1,"Lipotriches","Halictidae",7370040965998,64,1,"Specialist",29.6284443805944,0,0
"459","Lipotriches tanganyicensis",1,"Lipotriches","Halictidae",83653528935,9,1,"Specialist",25.1499494503991,0,0
"460","Meganomia binghami",1.68234277297328,"Meganomia","Melittidae",1628504260372,141,4.96546,"Generalist",28.1186830777919,1.6025059417453,0.520187329714466
"461","Patellapis communis",1.0223874393457,"Patellapis","Halictidae",103924536640,87,3.699109,"Generalist",25.3669308634752,1.30809197983979,0.0221405191056744
"462","Rophites algirus",1,"Rophites","Halictidae",6802895099268,369,1,"Specialist",29.5483693873972,0,4.44089209850063e-16
"463","Rophites quinquespinosus",1,"Rophites","Halictidae",10948119106266,163,1,"Specialist",30.0241887863194,0,4.44089209850063e-16
"464","Systropha curvicornis",1,"Systropha","Halictidae",4829630114878,222,1,"Specialist",29.20579099989,0,0
"465","Systropha planidens",1,"Systropha","Halictidae",12428883403597,129,1,"Specialist",30.1510441866516,0,0
"466","Afranthidium carduele",1,"Afranthidium","Megachilidae",762629279820,7,1,"Specialist",27.3600378783614,0,0
"467","Anthidiellum breviusculum",1.10033265076434,"Anthidiellum","Megachilidae",757292122765,10,4.419379,"Generalist",27.3530149112757,1.48599918848132,0.0956125438734624
"468","Anthidiellum strigatum",1.46409139153715,"Anthidiellum","Megachilidae",27657627164697,3320,10.82089,"Generalist",30.9509226526826,2.38147852511875,0.381234839504055
"469","Anthidium anguliventre",1.00208252013537,"Anthidium","Megachilidae",3559547.75,14,2.251256,"Generalist",15.0851440582415,0.811488282690485,0.00208035469617446
"470","Anthidium cingulatum",1.88650057752575,"Anthidium","Megachilidae",15523740712467,263,6.900983,"Generalist",30.3733916269295,1.93166386522433,0.634723566558278
"471","Anthidium dalmaticum",1.16529037711517,"Anthidium","Megachilidae",893935521.1,4,3.961587,"Generalist",20.6111442064875,1.37664470256028,0.152970306702493
"472","Anthidium diadema",1.05515393114091,"Anthidium","Megachilidae",3651758211573,40,2.855831,"Generalist",28.9262298693427,1.04936286905704,0.0536866625794416
"473","Anthidium echinatum",2.03859506938022,"Anthidium","Megachilidae",91961683311,16,5.999995,"Generalist",25.2446378414912,1.79175863589437,0.712260879118927
"474","Anthidium florentinum",1.79061843176216,"Anthidium","Megachilidae",41510662339040,2432,9.152594,"Generalist",31.3569714339982,2.21403733637743,0.582561052788394
"475","Anthidium loti",1.37033456395478,"Anthidium","Megachilidae",6106016273026,165,3.853292,"Generalist",29.4402956753255,1.34892784787499,0.315054917292556
"476","Anthidium manicatum",1.73782657520206,"Anthidium","Megachilidae",150868679995664,24930,4.794862,"Generalist",32.6474309054592,1.5675449279421,0.55263523774594
"477","Anthidium montanum",1.00609486311002,"Anthidium","Megachilidae",325248611939,225,1.285714,"Generalist",26.5078556866558,0.251314206058659,0.00607636455789831
"478","Anthidium oblongatum",2.00481096529039,"Anthidium","Megachilidae",32958942407000,6030,6.349038,"Generalist",31.1262837332888,1.84830330536492,0.695549774663062
"479","Anthidium punctatum",1.24048301233797,"Anthidium","Megachilidae",31732663686141,5478,5.764651,"Generalist",31.0883676665076,1.75174461416087,0.215500829850364
"480","Anthidium septemspinosum",2.03890888017904,"Anthidium","Megachilidae",41565126120126,554,7.320688,"Generalist",31.3582826171937,1.99070431262756,0.712414802108735
"481","Anthidium spiniventre",1,"Anthidium","Megachilidae",3236523462,10,1,"Specialist",21.8977655851125,0,0
"482","Anthidium taeniatum",1.45448136254758,"Anthidium","Megachilidae",3659650599221,55,5.415954,"Generalist",28.9283887940911,1.68934904222088,0.374649385222061
"483","Anthidium tesselatum",1,"Anthidium","Megachilidae",71419458935,10,1,"Specialist",24.9918362032649,0,0
"484","Anthidium undulatum",1.27769793868448,"Anthidium","Megachilidae",706282931120,5,4.980436,"Generalist",27.2832817464545,1.60551743740507,0.245059973312191
"485","Chelostoma aureocinctum",1,"Chelostoma","Megachilidae",132296856978,12,1,"Specialist",25.6083141510051,0,2.22044604925031e-16
"486","Chelostoma californicum",1,"Chelostoma","Megachilidae",942362024140,780,1,"Specialist",27.5716553520666,0,0
"487","Chelostoma campanularum",1,"Chelostoma","Megachilidae",24224277500058,8203,1,"Specialist",30.8183764487016,0,0
"488","Chelostoma diodon",1.00609486311002,"Chelostoma","Megachilidae",15317282523,14,1.277778,"Generalist",23.4522476045198,0.245122631946013,0.00607636455789809
"489","Chelostoma distinctum",1,"Chelostoma","Megachilidae",12475333791160,903,1,"Specialist",30.1547745140146,0,0
"490","Chelostoma emarginatum",1,"Chelostoma","Megachilidae",4822355288386,72,1,"Specialist",29.2042835736837,0,0
"491","Chelostoma florisomne",1,"Chelostoma","Megachilidae",13041069667240,8958,1,"Specialist",30.1991246987591,0,0
"492","Chelostoma foveolatum",1,"Chelostoma","Megachilidae",1866962378707,84,1,"Specialist",28.2553338296193,0,0
"493","Chelostoma grande",1,"Chelostoma","Megachilidae",344129616303,344,1,"Specialist",26.5642842149302,0,0
"494","Chelostoma incisulum",1.07813875498213,"Chelostoma","Megachilidae",197495652138,99,1.997739,"Generalist",26.0089824065541,0.692016041062807,0.0752361794004946
"495","Chelostoma minutum",1.42710622512333,"Chelostoma","Megachilidae",1851610034371,483,2.999964,"Generalist",28.2470766653862,1.09860028859611,0.355648775193968
"496","Chelostoma mocsaryi",1.00317413681056,"Chelostoma","Megachilidae",118727013399,9,1,"Specialist",25.500092689747,0,0.00316910987296008
"497","Chelostoma phaceliae",1,"Chelostoma","Megachilidae",1352591086066,563,1,"Specialist",27.9330431918437,0,0
"498","Chelostoma philadelphi",1,"Chelostoma","Megachilidae",3637593158253,1044,1,"Specialist",28.9223433586145,0,0
"499","Chelostoma rapunculi",1,"Chelostoma","Megachilidae",41933098120484,9111,1,"Specialist",31.3670965623016,0,0
"500","Chelostoma ventrale",1,"Chelostoma","Megachilidae",1569011454487,6,1,"Specialist",28.0814668901544,0,0
"501","Eoanthidium clypeare",2.20367931934396,"Eoanthidium","Megachilidae",1208355165,4,8.16094,"Generalist",20.9125259040079,2.09935935841989,0.790128381314388
"502","Eoanthidium insulare",1.86895409951615,"Eoanthidium","Megachilidae",44073737250,9,9.659714,"Generalist",24.5091299147916,2.26796404116088,0.625378969325492
"503","Haetosmia circumventa",1,"Haetosmia","Megachilidae",2478023151425,42,1,"Specialist",28.5384822418784,0,0
"504","Heriades carinata",1.56782343580742,"Heriades","Megachilidae",15503682267282,3092,4,"Generalist",30.3720986772706,1.38629436111989,0.449688310873173
"505","Hoplitis adunca",1,"Hoplitis","Megachilidae",9551806064427,3673,1,"Specialist",29.8877513692348,0,0
"506","Hoplitis annulata",1.00609486311002,"Hoplitis","Megachilidae",2738532115571,36,1.360321,"Generalist",28.6384431685329,0.307720701309166,0.00607636455789831
"507","Hoplitis anthocopoides",1,"Hoplitis","Megachilidae",9003458961632,543,1,"Specialist",29.8286299484995,0,0
"508","Hoplitis benoisti",1.01223693354475,"Hoplitis","Megachilidae",309278665826,89,1.760362,"Generalist",26.4575085385909,0.565519469718637,0.0121626675185901
"509","Hoplitis bihamata",1.51469963811854,"Hoplitis","Megachilidae",12209402621,26,2.999979,"Generalist",23.2254721984831,1.09860528864361,0.415217160637857
"510","Hoplitis carinata",1.00145250943965,"Hoplitis","Megachilidae",73628098568,12,1.199601,"Generalist",25.0222925638458,0.181989001503573,0.00145145556819241
"511","Hoplitis cristatula",1,"Hoplitis","Megachilidae",407037478220,70,1,"Specialist",26.7321711022282,0,0
"512","Hoplitis fertoni",1.0292208352449,"Hoplitis","Megachilidae",110873013184,10,2.038783,"Generalist",25.4316513579928,0.712353061210807,0.0288020453372322
"513","Hoplitis lepeletieri",1,"Hoplitis","Megachilidae",276288584146,744,1,"Specialist",26.344711751142,0,0
"514","Hoplitis loti",1.31614619210316,"Hoplitis","Megachilidae",229201789821,766,3.842769,"Generalist",26.1578686307487,1.34619320048645,0.274707914957568
"515","Hoplitis manicata",1.00706279935947,"Hoplitis","Megachilidae",1320499626412,36,1.618598,"Generalist",27.9090312857695,0.481560342442966,0.00703797461167453
"516","Hoplitis mitis",1,"Hoplitis","Megachilidae",2237743159515,1021,1,"Specialist",28.4364889558343,0,0
"517","Hoplitis pallicornis",1.67428921617141,"Hoplitis","Megachilidae",629730759168,25,5.109567,"Generalist",27.1685581985849,1.6311146648132,0.515388726661318
"518","Hoplitis pici",1.02401216009089,"Hoplitis","Megachilidae",36882626721,7,1.83957,"Generalist",24.331006456553,0.609531848657636,0.0237284016355643
"519","Hoplitis pilosifrons",1.32151160988908,"Hoplitis","Megachilidae",17246601587846,1853,2,"Generalist",30.4786362305968,0.693147180559945,0.278776240410736
"520","Hoplitis praestans",1,"Hoplitis","Megachilidae",1636929930933,47,1,"Specialist",28.1238436100618,0,0
"521","Hoplitis ravouxi",1.31112131334743,"Hoplitis","Megachilidae",1883710630801,386,2.998443,"Generalist",28.264264687293,1.09809315394099,0.270882735471806
"522","Hoplitis robusta",1.34221226599341,"Hoplitis","Megachilidae",51607710384302,663,5.378335,"Generalist",31.5746922033055,1.68237884672111,0.2943191974228
"523","Hoplitis tuberculata",1.22505465661664,"Hoplitis","Megachilidae",5730244128089,1553,6.02035,"Generalist",29.3767792509988,1.79514539716558,0.202985460647593
"524","Hoplitis villosa",1.07074294695362,"Hoplitis","Megachilidae",1724423537129,590,2.849138,"Generalist",28.1759139291863,1.04701649239112,0.0683527504765853
"525","Icteranthidium fedtschenkoi",1,"Icteranthidium","Megachilidae",11270392975,4,1,"Specialist",23.1454450335117,0,0
"526","Icteranthidium ferrugineum",2.43248781946014,"Icteranthidium","Megachilidae",16624318639593,48,12.918152,"Generalist",30.441887717546,2.55863345406838,0.888914527649305
"527","Icteranthidium grohmanni",1.93988783606787,"Icteranthidium","Megachilidae",2444755162770,127,11.495736,"Generalist",28.5249660959149,2.44197618400364,0.662630154943942
"528","Icteranthidium laterale",1.25258387176146,"Icteranthidium","Megachilidae",9563864007305,355,7.62066,"Generalist",29.8890129461957,2.03086298012099,0.225208515217135
"529","Lithurgus chrysurus",1,"Lithurgus","Megachilidae",17436333223195,493,1,"Specialist",30.48957726134,0,0
"530","Megachile alpicola",2.11811987436708,"Megachile","Megachilidae",6380469143591,1709,12.763536,"Generalist",29.48426274406,2.54659235551456,0.750528843484638
"531","Megachile analis",1.61941082994197,"Megachile","Megachilidae",40818811149219,1274,4.26959,"Generalist",31.3401641486632,1.45151780389508,0.482062397873779
"532","Megachile apicalis",1.30885825887409,"Megachile","Megachilidae",34793852906349,805,5.403922,"Generalist",31.180461846484,1.68712498624101,0.269155199074083
"533","Megachile centuncularis",2.20163394363123,"Megachile","Megachilidae",39555452110774,7242,11.064951,"Generalist",31.3087246542639,2.40378254511544,0.789199786348442
"534","Megachile flabellipes",1,"Megachile","Megachilidae",210003214789,55,1,"Specialist",26.0703886760658,0,0
"535","Megachile latimanus",1.61102561255871,"Megachile","Megachilidae",27472774401779,3021,4.233578,"Generalist",30.9442166084524,1.44304749840194,0.476871002615144
"536","Megachile maritima",2.08110953935859,"Megachile","Megachilidae",39488599589167,1869,4.714286,"Generalist",31.3070331281817,1.55059747301723,0.732901183872684
"537","Megachile mendica",1.61312721479272,"Megachile","Megachilidae",14815919532211,5989,3,"Generalist",30.3267233626764,1.09861228866811,0.478174664472501
"538","Megachile nigriventris",1,"Megachile","Megachilidae",9274492055626,1148,1,"Specialist",29.8582889580303,0,0
"539","Megachile pilicrus",1,"Megachile","Megachilidae",4631593701812,160,1,"Specialist",29.1639221368537,0,0
"540","Megachile rotundata",1.5905314197777,"Megachile","Megachilidae",148567967474492,5248,2.871871,"Generalist",32.6320636628925,1.05496373374266,0.464068186666261
"541","Osmia alticola",1,"Osmia","Megachilidae",104522599858,49,1,"Specialist",25.3726691515528,0,0
"542","Osmia anceyi",1,"Osmia","Megachilidae",369059301584,62,1,"Specialist",26.6342231769744,0,0
"543","Osmia andrenoides",1.81643218566379,"Osmia","Megachilidae",6107337590836,398,7.789873,"Generalist",29.4405120479664,2.05282455679726,0.596874239564848
"544","Osmia apicata",1,"Osmia","Megachilidae",1678655650295,21,1,"Specialist",28.1490143808485,0,0
"545","Osmia argyropyga",1,"Osmia","Megachilidae",97615016853,13,1,"Specialist",25.3042971797288,0,0
"546","Osmia atriventris",1.98377357597617,"Osmia","Megachilidae",12795980370726,2094,4.975404,"Generalist",30.1801522039982,1.60450657334368,0.685000877337913
"547","Osmia aurulenta",1.53621106656125,"Osmia","Megachilidae",9599853623956,6059,2,"Generalist",29.8927689667815,0.693147180559945,0.429319038410976
"548","Osmia avosetta",1,"Osmia","Megachilidae",13582660955,41,1,"Specialist",23.3320598864946,0,0
"549","Osmia balearica",1,"Osmia","Megachilidae",9084704509,21,1,"Specialist",22.9298580131142,0,0
"550","Osmia bicornis",2.85051411361484,"Osmia","Megachilidae",36359912255141,45020,15.008247,"Generalist",31.22448797201,2.70859985001757,1.04749936875415
"551","Osmia bidentata",1.00762248590824,"Osmia","Megachilidae",3935975039018,45,1.410574,"Generalist",29.0011797533855,0.343996713749111,0.00759358155164513
"552","Osmia brevis",1,"Osmia","Megachilidae",7668975936698,1604,1,"Specialist",29.6682042069697,0,4.44089209850063e-16
"553","Osmia bucephala",1.88950760491631,"Osmia","Megachilidae",28538445038937,2019,5.41844,"Generalist",30.9822732429238,1.68980795114437,0.636316268629318
"554","Osmia caerulescens",1.52348505561594,"Osmia","Megachilidae",119944980878859,7307,2,"Generalist",32.4180542608945,0.693147180559945,0.421000510150977
"555","Osmia californica",1,"Osmia","Megachilidae",4076994415989,1806,1,"Specialist",29.0363811701275,0,0
"556","Osmia carbo",1,"Osmia","Megachilidae",2041461106,17,1,"Specialist",21.4369316168647,0,0
"557","Osmia cerinthidis",1.07809391940198,"Osmia","Megachilidae",5846220213439,74,3.4316,"Generalist",29.3968164509877,1.23302662471667,0.0751945924412678
"558","Osmia conjuncta",1.44521451287918,"Osmia","Megachilidae",3847750917234,482,3.766818,"Generalist",28.9785099161884,1.32623061323426,0.368257762366018
"559","Osmia cornifrons",1.99988093598138,"Osmia","Megachilidae",28109394956122,2057,8.702107,"Generalist",30.9671249764646,2.1635651802468,0.693087646778537
"560","Osmia cornuta",1.7205212264002,"Osmia","Megachilidae",12828503421310,29693,8.559766,"Generalist",30.1826906409331,2.14707285333141,0.542627283523207
"561","Osmia croatica",1,"Osmia","Megachilidae",640902988507,16,1,"Specialist",27.1861439384306,0,0
"562","Osmia difficilis",1,"Osmia","Megachilidae",1457967806094,22,1,"Specialist",28.0080646684029,0,0
"563","Osmia distinguenda",1,"Osmia","Megachilidae",13022265422,16,1,"Specialist",23.2899264541367,0,0
"564","Osmia emarginata",2.13490321026231,"Osmia","Megachilidae",152770073064,12,4.418346,"Generalist",25.7521998375854,1.48576541791147,0.758421310881186
"565","Osmia excavata",1.4626766304841,"Osmia","Megachilidae",453842304313,14,6.512813,"Generalist",26.8410156273205,1.87377146734492,0.380268065811989
"566","Osmia fedtschenkoi",1.34254475877206,"Osmia","Megachilidae",10045890.52,6,5.138479,"Generalist",16.1226742053629,1.63675712127888,0.294566886712578
"567","Osmia gallarum",1,"Osmia","Megachilidae",4210880557238,518,1,"Specialist",29.0686929002411,0,0
"568","Osmia inermis",1.13130838390606,"Osmia","Megachilidae",93787559573328,657,3.698242,"Generalist",32.1720533359949,1.30785757160258,0.123374824782948
"569","Osmia labialis",1.00304429225227,"Osmia","Megachilidae",493698118748,190,1.2,"Generalist",26.9251900716875,0.182321556793955,0.00303966777773687
"570","Osmia laticeps",1,"Osmia","Megachilidae",52735587130656,179,1,"Specialist",31.5963116212001,0,0
"571","Osmia lignaria",2.36726543739476,"Osmia","Megachilidae",17963553998667,11039,7.778255,"Generalist",30.519366043339,2.05133201997372,0.86173546509572
"572","Osmia ligurica",1.02212675939038,"Osmia","Megachilidae",2399785446714,77,2.461703,"Generalist",28.5064004520838,0.900853386854246,0.0218855148050001
"573","Osmia melanocephala",1.25164406206032,"Osmia","Megachilidae",113893568428,5,5.96874,"Generalist",25.4585302389747,1.78653584985283,0.224457936779308
"574","Osmia montana",1,"Osmia","Megachilidae",7398315125903,1726,1,"Specialist",29.6322734045256,0,0
"575","Osmia mustelina",1.82968351446388,"Osmia","Megachilidae",5626401545343,476,6.610361,"Generalist",29.3584911965995,1.88863826659317,0.604143008981067
"576","Osmia nigriventris",1.6172725456358,"Osmia","Megachilidae",93994788642130,888,4.945257,"Generalist",32.1742604566844,1.59842893541277,0.480741116568729
"577","Osmia nigrohirta",1.92847403440433,"Osmia","Megachilidae",42014393194,6,9.208775,"Generalist",24.4612780916185,2.22015683382049,0.656729034434632
"578","Osmia niveata",1,"Osmia","Megachilidae",10136307154000,1066,1,"Specialist",29.9471448617637,0,0
"579","Osmia padri",1,"Osmia","Megachilidae",6250173433,4,1,"Specialist",22.5558750495897,0,0
"580","Osmia parietina",1.11093064363935,"Osmia","Megachilidae",44027977416717,1735,3.91467,"Generalist",31.4158463981595,1.36473103470233,0.105198081741569
"581","Osmia pedicornis",2.27805019998069,"Osmia","Megachilidae",2304403211012,16,7.435642,"Generalist",28.4658428482302,2.0062849245367,0.823319901648157
"582","Osmia pilicornis",1.62333628853113,"Osmia","Megachilidae",5527789945476,731,6.631371,"Generalist",29.3408092033861,1.89181157015053,0.484483468875119
"583","Osmia pinguis",1,"Osmia","Megachilidae",301894363604,22,1,"Specialist",26.43334300374,0,0
"584","Osmia pumila",1.92517398832296,"Osmia","Megachilidae",6159886784854,5810,7.465552,"Generalist",29.4490795142229,2.01029937333438,0.655016347199795
"585","Osmia rhodoensis",1.20024634104808,"Osmia","Megachilidae",61055311746,5,5.453038,"Generalist",24.8350460402048,1.69617288456076,0.182526819932767
"586","Osmia ribifloris",2.06735834480226,"Osmia","Megachilidae",5969074035131,1657,7.454564,"Generalist",29.4176129283102,2.00882646226767,0.726271630357922
"587","Osmia scheherazade",1,"Osmia","Megachilidae",6475155.312,12,1,"Specialist",15.6834831516715,0,0
"588","Osmia scutellaris",1,"Osmia","Megachilidae",881640016660,91,1,"Specialist",27.5050496652632,0,0
"589","Osmia spinigera",1,"Osmia","Megachilidae",786895016592,10,1,"Specialist",27.391360679505,0,0
"590","Osmia spinulosa",1,"Osmia","Megachilidae",18553544695761,3062,1.887417,"Generalist",30.5516819754471,0.635209227664246,-4.44089209850063e-16
"591","Osmia steinmanni",1.03382310422023,"Osmia","Megachilidae",21708568229,17,1.964448,"Generalist",23.800972868823,0.675211289826391,0.033263682359857
"592","Osmia taurus",2.19919356949267,"Osmia","Megachilidae",28626444262630,2773,7.996445,"Generalist",30.9853520311199,2.07899706791601,0.788090733843465
"593","Osmia tergestensis",1.00456245326427,"Osmia","Megachilidae",3032998647328,151,2.24506,"Generalist",28.7405728986501,0.808732246894989,0.00455207682375945
"594","Osmia tricornis",1.58775955031198,"Osmia","Megachilidae",2474955947880,123,9.273077,"Generalist",28.5372437129544,2.22711525546096,0.46232393468017
"595","Osmia uncicornis",1,"Osmia","Megachilidae",27544305522,6,1,"Specialist",24.0390616550646,0,0
"596","Osmia uncinata",1.37589909488112,"Osmia","Megachilidae",46612613169607,1154,7.215124,"Generalist",31.4728922893116,1.97617937849534,0.319107404613723
"597","Osmia xanthomelana",1,"Osmia","Megachilidae",5638412568993,1031,1,"Specialist",29.360623682423,0,0
"598","Othinosmia schultzei",1,"Othinosmia","Megachilidae",222570588084,107,1,"Specialist",26.1285101380554,0,0
"599","Protosmia minutula",1.14550440216624,"Protosmia","Megachilidae",353370461972,74,2,"Generalist",26.5907828109166,0.693147180559945,0.135845065912531
"600","Pseudoanthidium eximium",1,"Pseudoanthidium","Megachilidae",2148303175668,6,1,"Specialist",28.39569942585,0,0
"601","Pseudoanthidium melanurum",1.00457337670664,"Pseudoanthidium","Megachilidae",3806569397865,27,1.333333,"Generalist",28.9677494789372,0.28768182245175,0.00456295059566279
"602","Pseudoanthidium reticulatum",1,"Pseudoanthidium","Megachilidae",597457542178,14,1,"Specialist",27.1159490591109,0,0
"603","Pseudoanthidium scapulare",1.00152135791397,"Pseudoanthidium","Megachilidae",2431030751762,54,1.181818,"Generalist",28.5193364610229,0.167053930817001,0.00152020182142297
"604","Rhodanthidium caturigense",1.26698449186554,"Rhodanthidium","Megachilidae",907622486486,140,7.72052,"Generalist",27.534094365312,2.04388171928122,0.236639661221111
"605","Rhodanthidium infuscatum",2.2746556346316,"Rhodanthidium","Megachilidae",676050430017,67,9.850375,"Generalist",27.2395335108238,2.2875095255253,0.821828671552706
"606","Rhodanthidium septemdentatum",2.39070396669337,"Rhodanthidium","Megachilidae",6408097061967,1016,13.138471,"Generalist",29.4885834725785,2.57554464403319,0.871587869306676
"607","Rhodanthidium siculum",1.70887293303865,"Rhodanthidium","Megachilidae",1098063457138,19,8.379787,"Generalist",27.7245692507321,2.12582249650986,0.535834049724206
"608","Rhodanthidium sticticum",2.04887509831685,"Rhodanthidium","Megachilidae",1286096859882,445,10.355544,"Generalist",27.8826330576339,2.33752202847488,0.717290910013159
"609","Stenoheriades asiatica",1,"Stenoheriades","Megachilidae",2267158880,5,1,"Specialist",21.5417932898273,0,0
"610","Stenoheriades coelostoma",1,"Stenoheriades","Megachilidae",3900972068,17,1,"Specialist",22.08449160723,0,0
"611","Trachusa byssina",1.04377323915893,"Trachusa","Megachilidae",26928053229499,5427,2.867136,"Generalist",30.9241897301093,1.05331362212078,0.0428422619975089
"612","Trachusa dumerlei",1,"Trachusa","Megachilidae",264546818323,16,1,"Specialist",26.3012840794731,0,0
"613","Trachusa interrupta",1.00285972137679,"Trachusa","Megachilidae",2001128255298,224,1,"Specialist",28.3247322650773,0,0.002855640152539
"614","Trachusa pubescens",1.0089923045433,"Trachusa","Megachilidae",883041646101,8,1.645161,"Generalist",27.5066382007655,0.497838251768576,0.00895211452702192
"615","Wainia eremoplana",1.12601677772594,"Wainia","Megachilidae",12520252571,4,1.999912,"Generalist",23.2506133758174,0.693103179591917,0.118686429895956
"616","Capicola micheneri",1,"Capicola","Melittidae",146924842483,26,1,"Specialist",25.7131870173533,0,0
"617","Dasypoda argentata",1.00419920779425,"Dasypoda","Melittidae",37222933561303,756,1.564972,"Generalist",31.247946180837,0.447867932458262,0.00419041572575463
"618","Dasypoda braccata",1.01629103727338,"Dasypoda","Melittidae",1317227143385,13,1.708004,"Generalist",27.9065499941183,0.535325437284011,0.0161597621454022
"619","Dasypoda cingulata",1.54650258431234,"Dasypoda","Melittidae",912554612636,15,7.945953,"Generalist",27.5395137700763,2.07266274244917,0.435995984213263
"620","Dasypoda crassicornis",1.28884151197102,"Dasypoda","Melittidae",700646379938,28,2.9992,"Generalist",27.2752691458298,1.09834558643957,0.253743762146987
"621","Dasypoda dusmeti",1.04012000959607,"Dasypoda","Melittidae",325787296481,6,3.576374,"Generalist",26.5095105405831,1.27434943797227,0.0393361003383012
"622","Dasypoda hirtipes",1.00916496481245,"Dasypoda","Melittidae",39093838274370,22997,1.576585,"Generalist",31.2969859816106,0.45526111545405,0.00912322137999137
"623","Dasypoda maura",1.01682050249387,"Dasypoda","Melittidae",14102801764,6,1.726817,"Generalist",23.3696393212576,0.546279829450355,0.0166806044328129
"624","Dasypoda morotei",1.15577086008084,"Dasypoda","Melittidae",198531685926,13,4.825153,"Generalist",26.0142145511659,1.57384244413276,0.144767532679272
"625","Dasypoda sinuata",1.07177976415406,"Dasypoda","Melittidae",666301781789,7,2.524179,"Generalist",27.2250085306656,0.925915861340232,0.0693205976559889
"626","Dasypoda spinigera",1,"Dasypoda","Melittidae",138660889229,56,1,"Specialist",25.6552971434576,0,0
"627","Dasypoda visnaga",1,"Dasypoda","Melittidae",744904893491,24,1,"Specialist",27.3365223874331,0,0
"628","Melitta dimidiata",1,"Melitta","Melittidae",6272904387673,323,1,"Specialist",29.4672605830448,0,0
"629","Melitta haemorrhoidalis",1,"Melitta","Melittidae",10472629871067,5879,1,"Specialist",29.979786290843,0,0
"630","Melitta leporina",1,"Melitta","Melittidae",30977139352969,4925,1,"Specialist",31.0642706081441,0,0
"631","Melitta nigricans",1,"Melitta","Melittidae",9188174041663,4163,1,"Specialist",29.8489383428554,0,0
"632","Melitta tricincta",1,"Melitta","Melittidae",5827073658621,1305,1,"Specialist",29.3935360449262,0,4.44089209850063e-16
"633","Samba ogilviei",1.10440182240745,"Samba","Melittidae",50222588612,182,2.999389,"Generalist",24.6397307347875,1.09840860125857,0.0993038512060087
